שם הקובץ,נתיב הקובץ,תיקיית המקור,מספר שורות
ספר העצמים.txt,אוצריא/מחשבת ישראל/ראשונים/ספר העצמים.txt,Ben-Yehuda,86
הערות על ספר העצמים.txt,אוצריא/מחשבת ישראל/ראשונים/הערות על ספר העצמים.txt,Ben-Yehuda,61
הערות על מגדל־עז או תמת ישרים.txt,אוצריא/מחשבת ישראל/אחרונים/רמחל/הערות על מגדל־עז או תמת ישרים.txt,Ben-Yehuda,312
לישרים תהילה.txt,אוצריא/מחשבת ישראל/אחרונים/רמחל/לישרים תהילה.txt,Ben-Yehuda,1520
מעשה שמשון.txt,אוצריא/מחשבת ישראל/אחרונים/רמחל/מעשה שמשון.txt,Ben-Yehuda,1287
מגדל־עז או תמת ישרים.txt,אוצריא/מחשבת ישראל/אחרונים/רמחל/מגדל־עז או תמת ישרים.txt,Ben-Yehuda,1266
הערות על מעשה שמשון.txt,אוצריא/מחשבת ישראל/אחרונים/רמחל/הערות על מעשה שמשון.txt,Ben-Yehuda,63
הערות על סוד קיומנו או המחנך.txt,אוצריא/ספרי מוסר/אחרונים/הערות על סוד קיומנו או המחנך.txt,Ben-Yehuda,53
סוד קיומנו או המחנך.txt,אוצריא/ספרי מוסר/אחרונים/סוד קיומנו או המחנך.txt,Ben-Yehuda,622
ספר דרך תבונות.txt,אוצריא/תלמוד בבלי/כללי הש״ס/ספר דרך תבונות.txt,Ben-Yehuda,48
הערות על מראה הילדים.txt,אוצריא/ספרות עזר/חכמת הטבע והתכונה/סגולות ורפואות/הערות על מראה הילדים.txt,Ben-Yehuda,12
מראה הילדים.txt,אוצריא/ספרות עזר/חכמת הטבע והתכונה/סגולות ורפואות/מראה הילדים.txt,Ben-Yehuda,1863
הערות על רדיפי מיא.txt,אוצריא/ספרות עזר/דקדוק/הערות על רדיפי מיא.txt,Ben-Yehuda,23
הערות על שפה לנאמנים.txt,אוצריא/ספרות עזר/דקדוק/הערות על שפה לנאמנים.txt,Ben-Yehuda,4
רדיפי מיא.txt,אוצריא/ספרות עזר/דקדוק/רדיפי מיא.txt,Ben-Yehuda,904
שפה לנאמנים.txt,אוצריא/ספרות עזר/דקדוק/שפה לנאמנים.txt,Ben-Yehuda,273
שבט יהודה.txt,אוצריא/ספרות עזר/תולדות עם ישראל/שבט יהודה.txt,Ben-Yehuda,1001
אבן ספיר.txt,אוצריא/ספרות עזר/תולדות עם ישראל/אבן ספיר.txt,Ben-Yehuda,672
הערות על שאלו שלום ירושלם.txt,אוצריא/ספרות עזר/תולדות עם ישראל/הערות על שאלו שלום ירושלם.txt,Ben-Yehuda,71
שאלו שלום ירושלם.txt,אוצריא/ספרות עזר/תולדות עם ישראל/שאלו שלום ירושלם.txt,Ben-Yehuda,64
הערות על אבן ספיר.txt,אוצריא/ספרות עזר/תולדות עם ישראל/הערות על אבן ספיר.txt,Ben-Yehuda,143
יון מצולה.txt,אוצריא/ספרות עזר/תולדות עם ישראל/יון מצולה.txt,Ben-Yehuda,110
טובת מראה.txt,אוצריא/ספרות עזר/תולדות עם ישראל/טובת מראה.txt,Ben-Yehuda,544
הערות על טובת מראה.txt,אוצריא/ספרות עזר/תולדות עם ישראל/הערות על טובת מראה.txt,Ben-Yehuda,2
הערות על חיי יוסף.txt,אוצריא/ספרות עזר/תולדות עם ישראל/יוסף בן מתתיהו/הערות על חיי יוסף.txt,Ben-Yehuda,165
חיי יוסף.txt,אוצריא/ספרות עזר/תולדות עם ישראל/יוסף בן מתתיהו/חיי יוסף.txt,Ben-Yehuda,184
פליאה דעת העט.txt,אוצריא/ספרות עזר/שירה ופיוט/רבי שם טוב ארדוטיאל/פליאה דעת העט.txt,Ben-Yehuda,6
אני השר.txt,אוצריא/ספרות עזר/שירה ופיוט/רבי שלמה אבן גבירול/אני השר.txt,Ben-Yehuda,5
אמר לאומרים.txt,אוצריא/ספרות עזר/שירה ופיוט/רבי שלמה אבן גבירול/אמר לאומרים.txt,Ben-Yehuda,19
בפי חרבי.txt,אוצריא/ספרות עזר/שירה ופיוט/רבי שלמה אבן גבירול/בפי חרבי.txt,Ben-Yehuda,11
ואהבתי ושברי.txt,אוצריא/ספרות עזר/שירה ופיוט/רבי שלמה אבן גבירול/ואהבתי ושברי.txt,Ben-Yehuda,18
חָכְמַת הַיְּהוּדִי מקאמה.txt,אוצריא/ספרות עזר/שירה ופיוט/רבי זכריה אלצ'אהרי/חָכְמַת הַיְּהוּדִי מקאמה.txt,Ben-Yehuda,11
זכה אשר.txt,אוצריא/ספרות עזר/שירה ופיוט/רבי שמואל הנגיד/זכה אשר.txt,Ben-Yehuda,6
מסעי יהודה פרק ראשון.txt,אוצריא/ספרות עזר/שירה ופיוט/רבי יהודה אלחריזי/מסעי יהודה פרק ראשון.txt,Ben-Yehuda,218
קטעים מתוך חי בן־מקיץ.txt,אוצריא/ספרות עזר/שירה ופיוט/רבי אברהם אבן עזרא/קטעים מתוך חי בן־מקיץ.txt,Ben-Yehuda,20
תחבולה מהראבע.txt,אוצריא/ספרות עזר/שירה ופיוט/רבי אברהם אבן עזרא/תחבולה מהראבע.txt,Ben-Yehuda,8
משל הקדמוני.txt,אוצריא/ספרות עזר/שירה ופיוט/רבי יצחק אבן סהולה/משל הקדמוני.txt,Ben-Yehuda,856
חנה דוד על חלה.txt,אוצריא/תלמוד ירושלמי/מפרשים/חנה דוד על חלה.txt,Dicta,295
שקל הקדש על ירושלמי שקלים.txt,אוצריא/תלמוד ירושלמי/מפרשים/שקל הקדש על ירושלמי שקלים.txt,Dicta,1057
אור הישר (ירושלמי).txt,אוצריא/תלמוד ירושלמי/מפרשים/אור הישר (ירושלמי).txt,Dicta,2047
גליוני השס על ירושלמי מכות.txt,אוצריא/תלמוד ירושלמי/מפרשים/גליוני השס/נזיקין/גליוני השס על ירושלמי מכות.txt,Dicta,14
גליוני השס על ירושלמי עבודה זרה.txt,אוצריא/תלמוד ירושלמי/מפרשים/גליוני השס/נזיקין/גליוני השס על ירושלמי עבודה זרה.txt,Dicta,42
גליוני השס על ירושלמי סנהדרין.txt,אוצריא/תלמוד ירושלמי/מפרשים/גליוני השס/נזיקין/גליוני השס על ירושלמי סנהדרין.txt,Dicta,70
גליוני השס על ירושלמי שבועות.txt,אוצריא/תלמוד ירושלמי/מפרשים/גליוני השס/נזיקין/גליוני השס על ירושלמי שבועות.txt,Dicta,36
גליוני השס על ירושלמי בבא בתרא.txt,אוצריא/תלמוד ירושלמי/מפרשים/גליוני השס/נזיקין/גליוני השס על ירושלמי בבא בתרא.txt,Dicta,34
גליוני השס על ירושלמי הוריות.txt,אוצריא/תלמוד ירושלמי/מפרשים/גליוני השס/נזיקין/גליוני השס על ירושלמי הוריות.txt,Dicta,16
גליוני השס על ירושלמי בבא מציעא.txt,אוצריא/תלמוד ירושלמי/מפרשים/גליוני השס/נזיקין/גליוני השס על ירושלמי בבא מציעא.txt,Dicta,44
גליוני השס על ירושלמי בבא קמא.txt,אוצריא/תלמוד ירושלמי/מפרשים/גליוני השס/נזיקין/גליוני השס על ירושלמי בבא קמא.txt,Dicta,50
גליוני השס על ירושלמי קידושין.txt,אוצריא/תלמוד ירושלמי/מפרשים/גליוני השס/נשים/גליוני השס על ירושלמי קידושין.txt,Dicta,44
גליוני השס על ירושלמי נדרים.txt,אוצריא/תלמוד ירושלמי/מפרשים/גליוני השס/נשים/גליוני השס על ירושלמי נדרים.txt,Dicta,21
גליוני השס על ירושלמי גיטין.txt,אוצריא/תלמוד ירושלמי/מפרשים/גליוני השס/נשים/גליוני השס על ירושלמי גיטין.txt,Dicta,32
גליוני השס על ירושלמי יבמות.txt,אוצריא/תלמוד ירושלמי/מפרשים/גליוני השס/נשים/גליוני השס על ירושלמי יבמות.txt,Dicta,60
גליוני השס על ירושלמי כתובות.txt,אוצריא/תלמוד ירושלמי/מפרשים/גליוני השס/נשים/גליוני השס על ירושלמי כתובות.txt,Dicta,65
גליוני השס על ירושלמי נזיר.txt,אוצריא/תלמוד ירושלמי/מפרשים/גליוני השס/נשים/גליוני השס על ירושלמי נזיר.txt,Dicta,23
גליוני השס על ירושלמי סוטה.txt,אוצריא/תלמוד ירושלמי/מפרשים/גליוני השס/נשים/גליוני השס על ירושלמי סוטה.txt,Dicta,62
גליוני השס על ירושלמי ראש השנה.txt,אוצריא/תלמוד ירושלמי/מפרשים/גליוני השס/מועד/גליוני השס על ירושלמי ראש השנה.txt,Dicta,22
גליוני השס על ירושלמי מגילה.txt,אוצריא/תלמוד ירושלמי/מפרשים/גליוני השס/מועד/גליוני השס על ירושלמי מגילה.txt,Dicta,19
גליוני השס על ירושלמי שבת.txt,אוצריא/תלמוד ירושלמי/מפרשים/גליוני השס/מועד/גליוני השס על ירושלמי שבת.txt,Dicta,93
גליוני השס על ירושלמי מועד קטן.txt,אוצריא/תלמוד ירושלמי/מפרשים/גליוני השס/מועד/גליוני השס על ירושלמי מועד קטן.txt,Dicta,11
גליוני השס על ירושלמי חגיגה.txt,אוצריא/תלמוד ירושלמי/מפרשים/גליוני השס/מועד/גליוני השס על ירושלמי חגיגה.txt,Dicta,25
גליוני השס על ירושלמי ביצה.txt,אוצריא/תלמוד ירושלמי/מפרשים/גליוני השס/מועד/גליוני השס על ירושלמי ביצה.txt,Dicta,29
גליוני השס על ירושלמי סוכה.txt,אוצריא/תלמוד ירושלמי/מפרשים/גליוני השס/מועד/גליוני השס על ירושלמי סוכה.txt,Dicta,19
גליוני השס על ירושלמי עירובין.txt,אוצריא/תלמוד ירושלמי/מפרשים/גליוני השס/מועד/גליוני השס על ירושלמי עירובין.txt,Dicta,42
גליוני השס על ירושלמי פסחים.txt,אוצריא/תלמוד ירושלמי/מפרשים/גליוני השס/מועד/גליוני השס על ירושלמי פסחים.txt,Dicta,61
גליוני השס על ירושלמי יומא.txt,אוצריא/תלמוד ירושלמי/מפרשים/גליוני השס/מועד/גליוני השס על ירושלמי יומא.txt,Dicta,41
גליוני השס על ירושלמי שקלים.txt,אוצריא/תלמוד ירושלמי/מפרשים/גליוני השס/מועד/גליוני השס על ירושלמי שקלים.txt,Dicta,28
גליוני השס על ירושלמי תענית.txt,אוצריא/תלמוד ירושלמי/מפרשים/גליוני השס/מועד/גליוני השס על ירושלמי תענית.txt,Dicta,20
גליוני השס כללים הערות וביאורים על ירושלמי מועד.txt,אוצריא/תלמוד ירושלמי/מפרשים/גליוני השס/מועד/גליוני השס כללים הערות וביאורים על ירושלמי מועד.txt,Dicta,263
לוח ארז חלק א.txt,אוצריא/תנך/דרשות ודרושים/לוח ארז חלק א.txt,Dicta,275
חצי יהונתן.txt,אוצריא/תנך/דרשות ודרושים/חצי יהונתן.txt,Dicta,45
אהבת דוד (מאירוביץ).txt,אוצריא/תנך/דרשות ודרושים/אהבת דוד (מאירוביץ).txt,Dicta,214
עצי חיים על מועדים.txt,אוצריא/תנך/דרשות ודרושים/עצי חיים על מועדים.txt,Dicta,815
איש אמונים.txt,אוצריא/תנך/דרשות ודרושים/איש אמונים.txt,Dicta,1705
אהבת עולם.txt,אוצריא/תנך/דרשות ודרושים/אהבת עולם.txt,Dicta,1095
משמרת אלעזר.txt,אוצריא/תנך/דרשות ודרושים/משמרת אלעזר.txt,Dicta,1328
דרך ימה.txt,אוצריא/תנך/דרשות ודרושים/דרך ימה.txt,Dicta,410
חיים עד העולם.txt,אוצריא/תנך/דרשות ודרושים/חיים עד העולם.txt,Dicta,484
אור לישרים.txt,אוצריא/תנך/דרשות ודרושים/אור לישרים.txt,Dicta,461
אבי הנחל.txt,אוצריא/תנך/דרשות ודרושים/אבי הנחל.txt,Dicta,1089
קשת יהונתן.txt,אוצריא/תנך/דרשות ודרושים/קשת יהונתן.txt,Dicta,137
בינה לעיתים חלק ב.txt,אוצריא/תנך/דרשות ודרושים/בינה לעיתים חלק ב.txt,Dicta,873
זכותא דאברהם (דרושים).txt,אוצריא/תנך/דרשות ודרושים/זכותא דאברהם (דרושים).txt,Dicta,420
זרע יעקב.txt,אוצריא/תנך/דרשות ודרושים/זרע יעקב.txt,Dicta,2071
דברי מהריא חלק ב.txt,אוצריא/תנך/דרשות ודרושים/דברי מהריא חלק ב.txt,Dicta,393
לוח ארז חלק ב.txt,אוצריא/תנך/דרשות ודרושים/לוח ארז חלק ב.txt,Dicta,509
שביבי אש.txt,אוצריא/תנך/דרשות ודרושים/שביבי אש.txt,Dicta,788
עמק יהושע חלק ב.txt,אוצריא/תנך/דרשות ודרושים/עמק יהושע חלק ב.txt,Dicta,338
זקן אהרן (קורץ).txt,אוצריא/תנך/דרשות ודרושים/זקן אהרן (קורץ).txt,Dicta,695
בינה לעיתים חלק א.txt,אוצריא/תנך/דרשות ודרושים/בינה לעיתים חלק א.txt,Dicta,641
גושפנקא דמלכא דרשות.txt,אוצריא/תנך/דרשות ודרושים/גושפנקא דמלכא דרשות.txt,Dicta,52
בקע לגולגולת (ליקוטים).txt,אוצריא/תנך/דרשות ודרושים/בקע לגולגולת (ליקוטים).txt,Dicta,12
הין צדק.txt,אוצריא/תנך/דרשות ודרושים/הין צדק.txt,Dicta,601
גבורות שלמה.txt,אוצריא/תנך/דרשות ודרושים/גבורות שלמה.txt,Dicta,230
הקשורים ליעקב ד - פסח גדול.txt,אוצריא/תנך/דרשות ודרושים/הקשורים ליעקב ד - פסח גדול.txt,Dicta,98
נחלי מים.txt,אוצריא/תנך/דרשות ודרושים/נחלי מים.txt,Dicta,535
יגל יעקב.txt,אוצריא/תנך/דרשות ודרושים/יגל יעקב.txt,Dicta,712
בני גרשון.txt,אוצריא/תנך/דרשות ודרושים/בני גרשון.txt,Dicta,229
אורח לחיים (לונטשיץ).txt,אוצריא/תנך/דרשות ודרושים/אורח לחיים (לונטשיץ).txt,Dicta,68
אהבת ציון.txt,אוצריא/תנך/דרשות ודרושים/אהבת ציון.txt,Dicta,255
מצח אהרן חלק א.txt,אוצריא/תנך/דרשות ודרושים/מצח אהרן חלק א.txt,Dicta,437
עשרה למאה.txt,אוצריא/תנך/דרשות ודרושים/עשרה למאה.txt,Dicta,91
בית דוד (דרשות).txt,אוצריא/תנך/דרשות ודרושים/בית דוד (דרשות).txt,Dicta,747
תפארת עוזיאל חלק ב.txt,אוצריא/תנך/דרשות ודרושים/תפארת עוזיאל חלק ב.txt,Dicta,257
גושפנקא דמלכא ליקוטים.txt,אוצריא/תנך/דרשות ודרושים/גושפנקא דמלכא ליקוטים.txt,Dicta,81
אמרי בינה דרושים.txt,אוצריא/תנך/דרשות ודרושים/אמרי בינה דרושים.txt,Dicta,398
אהל יעקב (זריהן).txt,אוצריא/תנך/דרשות ודרושים/אהל יעקב (זריהן).txt,Dicta,442
תפארת עוזיאל חלק א.txt,אוצריא/תנך/דרשות ודרושים/תפארת עוזיאל חלק א.txt,Dicta,506
אבן שהם.txt,אוצריא/תנך/דרשות ודרושים/אבן שהם.txt,Dicta,193
ליקוטי חבר בן חיים ז.txt,אוצריא/תנך/דרשות ודרושים/ליקוטי חבר בן חיים/ליקוטי חבר בן חיים ז.txt,Dicta,2212
ליקוטי חבר בן חיים ו.txt,אוצריא/תנך/דרשות ודרושים/ליקוטי חבר בן חיים/ליקוטי חבר בן חיים ו.txt,Dicta,1412
ליקוטי חבר בן חיים י.txt,אוצריא/תנך/דרשות ודרושים/ליקוטי חבר בן חיים/ליקוטי חבר בן חיים י.txt,Dicta,4327
ליקוטי חבר בן חיים ב.txt,אוצריא/תנך/דרשות ודרושים/ליקוטי חבר בן חיים/ליקוטי חבר בן חיים ב.txt,Dicta,3285
ליקוטי חבר בן חיים ד.txt,אוצריא/תנך/דרשות ודרושים/ליקוטי חבר בן חיים/ליקוטי חבר בן חיים ד.txt,Dicta,3445
ליקוטי חבר בן חיים ג.txt,אוצריא/תנך/דרשות ודרושים/ליקוטי חבר בן חיים/ליקוטי חבר בן חיים ג.txt,Dicta,4070
ליקוטי חבר בן חיים א.txt,אוצריא/תנך/דרשות ודרושים/ליקוטי חבר בן חיים/ליקוטי חבר בן חיים א.txt,Dicta,2429
ליקוטי חבר בן חיים ח.txt,אוצריא/תנך/דרשות ודרושים/ליקוטי חבר בן חיים/ליקוטי חבר בן חיים ח.txt,Dicta,3256
רוקח על שיר השירים חלק א.txt,אוצריא/תנך/ראשונים/רוקח על שיר השירים חלק א.txt,Dicta,415
ברית שלום על חמשה מגילות.txt,אוצריא/תנך/אחרונים/ברית שלום על חמשה מגילות.txt,Dicta,228
זבח השלמים.txt,אוצריא/תנך/אחרונים/זבח השלמים.txt,Dicta,472
ישמח משה על נך.txt,אוצריא/תנך/אחרונים/ישמח משה על נך.txt,Dicta,1334
פנים יפות בראשית.txt,אוצריא/תנך/אחרונים/פנים יפות בראשית.txt,Dicta,349
ישועות יעקב עהת.txt,אוצריא/תנך/אחרונים/ישועות יעקב עהת.txt,Dicta,245
דברי שאול עהת ומגילות.txt,אוצריא/תנך/אחרונים/דברי שאול עהת ומגילות.txt,Dicta,1668
לי לישועה (על התנך).txt,אוצריא/תנך/אחרונים/לי לישועה (על התנך).txt,Dicta,608
עצי חיים על התורה.txt,אוצריא/תנך/אחרונים/עצי חיים על התורה.txt,Dicta,1738
לוח ארז החדש על התורה.txt,אוצריא/תנך/אחרונים/לוח ארז החדש על התורה.txt,Dicta,1383
מהרם שיק על התורה.txt,אוצריא/תנך/אחרונים/מהרם שיק על התורה.txt,Dicta,498
זכרון אהרן.txt,אוצריא/תנך/אחרונים/זכרון אהרן.txt,Dicta,473
תורת נתנאל על התורה.txt,אוצריא/תנך/אחרונים/תורת נתנאל על התורה.txt,Dicta,498
מאורי אש.txt,אוצריא/תנך/אחרונים/מאורי אש.txt,Dicta,728
גשמי ברכה.txt,אוצריא/תנך/אחרונים/גשמי ברכה.txt,Dicta,1186
בקע לגולגולת (התנך).txt,אוצריא/תנך/אחרונים/בקע לגולגולת (התנך).txt,Dicta,75
באורי מהראי.txt,אוצריא/תנך/אחרונים/באורי מהראי.txt,Dicta,772
שפתי דעת.txt,אוצריא/תנך/אחרונים/שפתי דעת.txt,Dicta,1239
חלקי אבנים.txt,אוצריא/תנך/אחרונים/חלקי אבנים.txt,Dicta,167
אור הישר (תנך).txt,אוצריא/תנך/אחרונים/אור הישר (תנך).txt,Dicta,738
אורח לחיים.txt,אוצריא/תנך/אחרונים/אורח לחיים.txt,Dicta,2760
ליקוטי מהריל על התורה.txt,אוצריא/תנך/אחרונים/ליקוטי מהריל על התורה.txt,Dicta,349
דבש תמר - א (תורה).txt,אוצריא/תנך/אחרונים/דבש תמר - א (תורה).txt,Dicta,577
באר יצחק עהת.txt,אוצריא/תנך/אחרונים/באר יצחק עהת.txt,Dicta,688
דברי יהונתן.txt,אוצריא/תנך/אחרונים/דברי יהונתן.txt,Dicta,489
באר היטב (על התורה).txt,אוצריא/תנך/אחרונים/באר היטב (על התורה).txt,Dicta,1285
אברהם יגל (על התנך).txt,אוצריא/תנך/אחרונים/אברהם יגל (על התנך).txt,Dicta,155
מעשי השם חלק א.txt,אוצריא/תנך/אחרונים/מעשי השם/מעשי השם חלק א.txt,Dicta,1081
מעשי השם חלק ב.txt,אוצריא/תנך/אחרונים/מעשי השם/מעשי השם חלק ב.txt,Dicta,1067
ייטב לב דברים.txt,אוצריא/תנך/אחרונים/ייטב לב/ייטב לב דברים.txt,Dicta,628
ייטב לב שמות.txt,אוצריא/תנך/אחרונים/ייטב לב/ייטב לב שמות.txt,Dicta,854
ייטב לב בראשית.txt,אוצריא/תנך/אחרונים/ייטב לב/ייטב לב בראשית.txt,Dicta,1371
ייטב לב במדבר.txt,אוצריא/תנך/אחרונים/ייטב לב/ייטב לב במדבר.txt,Dicta,813
ייטב לב ויקרא.txt,אוצריא/תנך/אחרונים/ייטב לב/ייטב לב ויקרא.txt,Dicta,560
המדרש והמעשה ויקרא.txt,אוצריא/תנך/אחרונים/המדרש והמעשה/המדרש והמעשה ויקרא.txt,Dicta,521
המדרש והמעשה בראשית.txt,אוצריא/תנך/אחרונים/המדרש והמעשה/המדרש והמעשה בראשית.txt,Dicta,361
המדרש והמעשה במדבר.txt,אוצריא/תנך/אחרונים/המדרש והמעשה/המדרש והמעשה במדבר.txt,Dicta,747
המדרש והמעשה דברים.txt,אוצריא/תנך/אחרונים/המדרש והמעשה/המדרש והמעשה דברים.txt,Dicta,596
המדרש והמעשה שמות.txt,אוצריא/תנך/אחרונים/המדרש והמעשה/המדרש והמעשה שמות.txt,Dicta,593
מלאכת מחשבת חלק ב.txt,אוצריא/תנך/אחרונים/מלאכת מחשבת/מלאכת מחשבת חלק ב.txt,Dicta,710
תשובות הגאונים – מוסאפיה.txt,אוצריא/שות/גאונים/תשובות הגאונים – מוסאפיה.txt,Dicta,293
שות הריף.txt,אוצריא/שות/ראשונים/שות הריף.txt,Dicta,942
שות זכרון יהודה.txt,אוצריא/שות/ראשונים/שות זכרון יהודה.txt,Dicta,291
שות פאר הדור.txt,אוצריא/שות/ראשונים/רמבם/שות פאר הדור.txt,Dicta,852
שושנת העמקים.txt,אוצריא/שות/אחרונים/שושנת העמקים.txt,Dicta,470
שאגת אריה.txt,אוצריא/שות/אחרונים/שאגת אריה.txt,Dicta,453
בית שערים אורח חיים.txt,אוצריא/שות/אחרונים/בית שערים אורח חיים.txt,Dicta,5745
ראשית בכורים.txt,אוצריא/שות/אחרונים/ראשית בכורים.txt,Dicta,903
שות באר משה (ירושלמסקי).txt,אוצריא/שות/אחרונים/שות באר משה (ירושלמסקי).txt,Dicta,882
שות מהראל צינץ.txt,אוצריא/שות/אחרונים/שות מהראל צינץ.txt,Dicta,914
טוב עין.txt,אוצריא/שות/אחרונים/טוב עין.txt,Dicta,811
בנין שלמה חלק ב.txt,אוצריא/שות/אחרונים/בנין שלמה חלק ב.txt,Dicta,174
שות מהרף.txt,אוצריא/שות/אחרונים/שות מהרף.txt,Dicta,1080
שופריה דיעקב חלק א.txt,אוצריא/שות/אחרונים/שופריה דיעקב חלק א.txt,Dicta,904
משנה שכיר חלק א.txt,אוצריא/שות/אחרונים/משנה שכיר חלק א.txt,Dicta,1598
שות שואל ונשאל חלק א.txt,אוצריא/שות/אחרונים/שות שואל ונשאל חלק א.txt,Dicta,1602
שות עטרת חכמים חלק א.txt,אוצריא/שות/אחרונים/שות עטרת חכמים חלק א.txt,Dicta,830
שות איתן האזרחי.txt,אוצריא/שות/אחרונים/שות איתן האזרחי.txt,Dicta,682
השיב משה אורח חיים.txt,אוצריא/שות/אחרונים/השיב משה אורח חיים.txt,Dicta,142
שות מוצל מאש (רבי יעקב אלפנדרי).txt,אוצריא/שות/אחרונים/שות מוצל מאש (רבי יעקב אלפנדרי).txt,Dicta,540
אמרי בינה הוספות בסוף השות.txt,אוצריא/שות/אחרונים/אמרי בינה הוספות בסוף השות.txt,Dicta,247
עמק יהושע חלק א.txt,אוצריא/שות/אחרונים/עמק יהושע חלק א.txt,Dicta,731
שות גליא מסכת.txt,אוצריא/שות/אחרונים/שות גליא מסכת.txt,Dicta,1910
צדקה ומשפט חלק א.txt,אוצריא/שות/אחרונים/צדקה ומשפט חלק א.txt,Dicta,791
שות שבט סופר חלק ב.txt,אוצריא/שות/אחרונים/שות שבט סופר חלק ב.txt,Dicta,426
בנין דוד א.txt,אוצריא/שות/אחרונים/בנין דוד א.txt,Dicta,957
אוהב משפט חלק א.txt,אוצריא/שות/אחרונים/אוהב משפט חלק א.txt,Dicta,194
תשורת שי מהדורא תנינא.txt,אוצריא/שות/אחרונים/תשורת שי מהדורא תנינא.txt,Dicta,1895
שות זכר ישעיהו.txt,אוצריא/שות/אחרונים/שות זכר ישעיהו.txt,Dicta,3275
שות אבן הראשה.txt,אוצריא/שות/אחרונים/שות אבן הראשה.txt,Dicta,480
שות אמרי כהן.txt,אוצריא/שות/אחרונים/שות אמרי כהן.txt,Dicta,1128
בנין של שמחה.txt,אוצריא/שות/אחרונים/בנין של שמחה.txt,Dicta,525
שות רבז יורה דעה.txt,אוצריא/שות/אחרונים/שות רבז יורה דעה.txt,Dicta,2430
שות מהראפ.txt,אוצריא/שות/אחרונים/שות מהראפ.txt,Dicta,641
בן פורת חלק ב.txt,אוצריא/שות/אחרונים/בן פורת חלק ב.txt,Dicta,306
"תשובת הגאונים (מהרל, והרב יעקב בן הרב יצחק הלוי פולק).txt","אוצריא/שות/אחרונים/תשובת הגאונים (מהרל, והרב יעקב בן הרב יצחק הלוי פולק).txt",Dicta,34
משיבת נפש חלק א.txt,אוצריא/שות/אחרונים/משיבת נפש חלק א.txt,Dicta,1624
שות ברכת אברהם.txt,אוצריא/שות/אחרונים/שות ברכת אברהם.txt,Dicta,2514
שות מהראש.txt,אוצריא/שות/אחרונים/שות מהראש.txt,Dicta,770
אבני האפוד על אהע.txt,אוצריא/שות/אחרונים/אבני האפוד על אהע.txt,Dicta,2052
שות שבט סופר חלק א.txt,אוצריא/שות/אחרונים/שות שבט סופר חלק א.txt,Dicta,1834
תורת חסד.txt,אוצריא/שות/אחרונים/תורת חסד.txt,Dicta,562
שות יהודה יעלה (מהרי אסאד).txt,אוצריא/שות/אחרונים/שות יהודה יעלה (מהרי אסאד).txt,Dicta,1975
בית שערים יורה דעה חלק ב.txt,אוצריא/שות/אחרונים/בית שערים יורה דעה חלק ב.txt,Dicta,2947
כפי אהרן חלק ב.txt,אוצריא/שות/אחרונים/כפי אהרן חלק ב.txt,Dicta,831
השיב משה חושן משפט.txt,אוצריא/שות/אחרונים/השיב משה חושן משפט.txt,Dicta,317
זכרון י-הודה גרינוולד חלק א.txt,אוצריא/שות/אחרונים/זכרון י-הודה גרינוולד חלק א.txt,Dicta,1084
שות דברי יוסף.txt,אוצריא/שות/אחרונים/שות דברי יוסף.txt,Dicta,328
נאות יעקב חלק א.txt,אוצריא/שות/אחרונים/נאות יעקב חלק א.txt,Dicta,306
הערות על שות רבי משולם איגרא.txt,אוצריא/שות/אחרונים/הערות על שות רבי משולם איגרא.txt,Dicta,2580
רדך.txt,אוצריא/שות/אחרונים/רדך.txt,Dicta,1588
באר משה (דנשבסקי) ב.txt,אוצריא/שות/אחרונים/באר משה (דנשבסקי) ב.txt,Dicta,574
ברכת רצה.txt,אוצריא/שות/אחרונים/ברכת רצה.txt,Dicta,1549
שות ברית עולם.txt,אוצריא/שות/אחרונים/שות ברית עולם.txt,Dicta,1863
שות עונג יום טוב.txt,אוצריא/שות/אחרונים/שות עונג יום טוב.txt,Dicta,3187
שות זרע אברהם.txt,אוצריא/שות/אחרונים/שות זרע אברהם.txt,Dicta,1111
מהרם לובלין.txt,אוצריא/שות/אחרונים/מהרם לובלין.txt,Dicta,594
חיים שאל חלק ב.txt,אוצריא/שות/אחרונים/חיים שאל חלק ב.txt,Dicta,591
שות בית דוד.txt,אוצריא/שות/אחרונים/שות בית דוד.txt,Dicta,1062
שות דברי חן.txt,אוצריא/שות/אחרונים/שות דברי חן.txt,Dicta,1022
אבני שיש חלק ב.txt,אוצריא/שות/אחרונים/אבני שיש חלק ב.txt,Dicta,985
שות עבודת לוי.txt,אוצריא/שות/אחרונים/שות עבודת לוי.txt,Dicta,331
שות אור גדול.txt,אוצריא/שות/אחרונים/שות אור גדול.txt,Dicta,482
קונטרס המרת הדת פוסלת.txt,אוצריא/שות/אחרונים/קונטרס המרת הדת פוסלת.txt,Dicta,36
שות בנין דוד.txt,אוצריא/שות/אחרונים/שות בנין דוד.txt,Dicta,3837
שות קרני ראם.txt,אוצריא/שות/אחרונים/שות קרני ראם.txt,Dicta,2952
שות רבז אורח חיים.txt,אוצריא/שות/אחרונים/שות רבז אורח חיים.txt,Dicta,1689
שות האדמור הזקן.txt,אוצריא/שות/אחרונים/שות האדמור הזקן.txt,Dicta,210
שות רבי אליהו מזרחי (ראם).txt,אוצריא/שות/אחרונים/שות רבי אליהו מזרחי (ראם).txt,Dicta,688
תשורת שי מהדורא קמא.txt,אוצריא/שות/אחרונים/תשורת שי מהדורא קמא.txt,Dicta,4743
חיים שאל חלק א.txt,אוצריא/שות/אחרונים/חיים שאל חלק א.txt,Dicta,842
אמרי אש חלק חושן משפט.txt,אוצריא/שות/אחרונים/אמרי אש חלק חושן משפט.txt,Dicta,250
תורת אליקום.txt,אוצריא/שות/אחרונים/תורת אליקום.txt,Dicta,203
שות עין המים.txt,אוצריא/שות/אחרונים/שות עין המים.txt,Dicta,881
שות שתי הלחם.txt,אוצריא/שות/אחרונים/שות שתי הלחם.txt,Dicta,420
שות בני יוסף.txt,אוצריא/שות/אחרונים/שות בני יוסף.txt,Dicta,127
שות מנחת אלעזר חד.txt,אוצריא/שות/אחרונים/שות מנחת אלעזר חד.txt,Dicta,548
כפי אהרן חלק א.txt,אוצריא/שות/אחרונים/כפי אהרן חלק א.txt,Dicta,1614
לב חיים פלג'י חלק ב.txt,אוצריא/שות/אחרונים/לב חיים פלג'י חלק ב.txt,Dicta,2630
משפטים ישרים.txt,אוצריא/שות/אחרונים/משפטים ישרים.txt,Dicta,2583
דבר אליהו (קלאצקין).txt,אוצריא/שות/אחרונים/דבר אליהו (קלאצקין).txt,Dicta,1067
שות ביכורי אברהם.txt,אוצריא/שות/אחרונים/שות ביכורי אברהם.txt,Dicta,93
נאות דשא.txt,אוצריא/שות/אחרונים/נאות דשא.txt,Dicta,1763
מור ואהלות.txt,אוצריא/שות/אחרונים/מור ואהלות.txt,Dicta,854
שות דברי יחזקאל.txt,אוצריא/שות/אחרונים/שות דברי יחזקאל.txt,Dicta,1579
שות מהרי מינץ.txt,אוצריא/שות/אחרונים/שות מהרי מינץ.txt,Dicta,54
שות מרחשת.txt,אוצריא/שות/אחרונים/שות מרחשת.txt,Dicta,3098
בנין שלמה חלק א.txt,אוצריא/שות/אחרונים/בנין שלמה חלק א.txt,Dicta,1001
בית אליקום.txt,אוצריא/שות/אחרונים/בית אליקום.txt,Dicta,344
שות זקן אהרן.txt,אוצריא/שות/אחרונים/שות זקן אהרן.txt,Dicta,1980
שות לחם רב.txt,אוצריא/שות/אחרונים/שות לחם רב.txt,Dicta,1593
שות עצי ברושים.txt,אוצריא/שות/אחרונים/שות עצי ברושים.txt,Dicta,1092
התעוררות תשובה חלק ד.txt,אוצריא/שות/אחרונים/התעוררות תשובה חלק ד.txt,Dicta,1155
שות נאות יעקב.txt,אוצריא/שות/אחרונים/שות נאות יעקב.txt,Dicta,276
שות רבי משולם איגרא.txt,אוצריא/שות/אחרונים/שות רבי משולם איגרא.txt,Dicta,2491
שות פרי עץ חיים.txt,אוצריא/שות/אחרונים/שות פרי עץ חיים.txt,Dicta,21920
גנת ביתן.txt,אוצריא/שות/אחרונים/גנת ביתן.txt,Dicta,548
אבני אפוד על אהע מילואים.txt,אוצריא/שות/אחרונים/אבני אפוד על אהע מילואים.txt,Dicta,407
ספר מילי דאגדתא ושות.txt,אוצריא/שות/אחרונים/ספר מילי דאגדתא ושות.txt,Dicta,87
בית רידבז.txt,אוצריא/שות/אחרונים/בית רידבז.txt,Dicta,541
בכורי שלמה חלק א.txt,אוצריא/שות/אחרונים/בכורי שלמה חלק א.txt,Dicta,2714
שערי בנימין.txt,אוצריא/שות/אחרונים/שערי בנימין.txt,Dicta,653
שות אבני חפץ.txt,אוצריא/שות/אחרונים/שות אבני חפץ.txt,Dicta,1150
מצות כהונה.txt,אוצריא/שות/אחרונים/מצות כהונה.txt,Dicta,552
מעיל צדקה.txt,אוצריא/שות/אחרונים/מעיל צדקה.txt,Dicta,995
שארית יוסף.txt,אוצריא/שות/אחרונים/שארית יוסף.txt,Dicta,271
שופריה דיעקב חלק ב.txt,אוצריא/שות/אחרונים/שופריה דיעקב חלק ב.txt,Dicta,530
שות תירוש ויצהר.txt,אוצריא/שות/אחרונים/שות תירוש ויצהר.txt,Dicta,11346
מקום שנהגו.txt,אוצריא/שות/אחרונים/מקום שנהגו.txt,Dicta,175
אמרי שפר קלצקין.txt,אוצריא/שות/אחרונים/אמרי שפר קלצקין.txt,Dicta,835
שות מהרם בן חביב.txt,אוצריא/שות/אחרונים/שות מהרם בן חביב.txt,Dicta,419
מצפה אריה תנינא חלק ב.txt,אוצריא/שות/אחרונים/מצפה אריה תנינא חלק ב.txt,Dicta,1051
באר משה (דנשבסקי) א.txt,אוצריא/שות/אחרונים/באר משה (דנשבסקי) א.txt,Dicta,1072
פי אריה.txt,אוצריא/שות/אחרונים/פי אריה.txt,Dicta,534
ומצור דבש.txt,אוצריא/שות/אחרונים/ומצור דבש.txt,Dicta,2256
שות עמודי אור.txt,אוצריא/שות/אחרונים/שות עמודי אור.txt,Dicta,8202
שות נשאל דוד.txt,אוצריא/שות/אחרונים/שות נשאל דוד.txt,Dicta,195
שות חיים וחסד.txt,אוצריא/שות/אחרונים/שות חיים וחסד.txt,Dicta,1295
שות מחנה חיים.txt,אוצריא/שות/אחרונים/שות מחנה חיים.txt,Dicta,4442
שערי עזרה.txt,אוצריא/שות/אחרונים/שערי עזרה.txt,Dicta,1553
שות בית יחזקאל.txt,אוצריא/שות/אחרונים/שות בית יחזקאל.txt,Dicta,5410
שות עטרת חכמים חלק ב.txt,אוצריא/שות/אחרונים/שות עטרת חכמים חלק ב.txt,Dicta,725
קהלת יעקב (ברוכין).txt,אוצריא/שות/אחרונים/קהלת יעקב (ברוכין).txt,Dicta,454
שות ישועות יעקב.txt,אוצריא/שות/אחרונים/שות ישועות יעקב.txt,Dicta,686
אבני מילואים.txt,אוצריא/שות/אחרונים/אבני מילואים.txt,Dicta,406
אהל אברהם.txt,אוצריא/שות/אחרונים/אהל אברהם.txt,Dicta,1309
משאת בנימין.txt,אוצריא/שות/אחרונים/משאת בנימין.txt,Dicta,511
התעוררות תשובה חלק ג.txt,אוצריא/שות/אחרונים/התעוררות תשובה חלק ג.txt,Dicta,397
שות עבודת הכהן.txt,אוצריא/שות/אחרונים/שות עבודת הכהן.txt,Dicta,741
שדה מגרש.txt,אוצריא/שות/אחרונים/שדה מגרש.txt,Dicta,307
מצפה אריה.txt,אוצריא/שות/אחרונים/מצפה אריה.txt,Dicta,1000
עבודת הגרשוני.txt,אוצריא/שות/אחרונים/עבודת הגרשוני.txt,Dicta,821
דברי פנחס.txt,אוצריא/שות/אחרונים/דברי פנחס.txt,Dicta,823
שות הרדד אורח חיים א.txt,אוצריא/שות/אחרונים/שות הרדד אורח חיים א.txt,Dicta,866
בשמים ראש.txt,אוצריא/שות/אחרונים/בשמים ראש.txt,Dicta,475
נושא האפוד.txt,אוצריא/שות/אחרונים/נושא האפוד.txt,Dicta,619
עין יצחק חלק ב.txt,אוצריא/שות/אחרונים/עין יצחק חלק ב.txt,Dicta,2812
מהרש חלק א.txt,אוצריא/שות/אחרונים/מהרש חלק א.txt,Dicta,1749
שות בן ימין.txt,אוצריא/שות/אחרונים/שות בן ימין.txt,Dicta,2878
עמודי אש קונטרס עמודי ירושלים.txt,אוצריא/שות/אחרונים/עמודי אש קונטרס עמודי ירושלים.txt,Dicta,541
שות דבר שמואל.txt,אוצריא/שות/אחרונים/שות דבר שמואל.txt,Dicta,1827
ברית יעקב חלק א.txt,אוצריא/שות/אחרונים/ברית יעקב חלק א.txt,Dicta,1953
שות דברי יששכר.txt,אוצריא/שות/אחרונים/שות דברי יששכר.txt,Dicta,4079
גבעת הלבונה.txt,אוצריא/שות/אחרונים/גבעת הלבונה.txt,Dicta,1173
ברוך השם.txt,אוצריא/שות/אחרונים/ברוך השם.txt,Dicta,1608
שות מהרם אלשיך.txt,אוצריא/שות/אחרונים/שות מהרם אלשיך.txt,Dicta,678
נחלת אבות.txt,אוצריא/שות/אחרונים/נחלת אבות.txt,Dicta,200
ארצות יהודה.txt,אוצריא/שות/אחרונים/ארצות יהודה.txt,Dicta,275
שות מר ואהלות.txt,אוצריא/שות/אחרונים/שות מר ואהלות.txt,Dicta,1345
שות הרדד אבן העזר א.txt,אוצריא/שות/אחרונים/שות הרדד אבן העזר א.txt,Dicta,1003
אשר לשלמה.txt,אוצריא/שות/אחרונים/אשר לשלמה.txt,Dicta,2028
יש מאין חלק ב.txt,אוצריא/שות/אחרונים/יש מאין חלק ב.txt,Dicta,381
שות אור המאיר.txt,אוצריא/שות/אחרונים/שות אור המאיר.txt,Dicta,2792
השיב משה יורה דעה.txt,אוצריא/שות/אחרונים/השיב משה יורה דעה.txt,Dicta,289
עין יצחק חלק א.txt,אוצריא/שות/אחרונים/עין יצחק חלק א.txt,Dicta,5649
שות עמודי אש.txt,אוצריא/שות/אחרונים/שות עמודי אש.txt,Dicta,642
השיב משה אבן העזר.txt,אוצריא/שות/אחרונים/השיב משה אבן העזר.txt,Dicta,713
מהרש חלק ב.txt,אוצריא/שות/אחרונים/מהרש חלק ב.txt,Dicta,1322
אמרי אש חלק אבן העזר.txt,אוצריא/שות/אחרונים/אמרי אש חלק אבן העזר.txt,Dicta,1073
צרור החיים (לונשטם).txt,אוצריא/שות/אחרונים/צרור החיים (לונשטם).txt,Dicta,1159
טוב טעם ודעת.txt,אוצריא/שות/אחרונים/טוב טעם ודעת.txt,Dicta,1855
בית שלמה אורח חיים.txt,אוצריא/שות/אחרונים/בית שלמה אורח חיים.txt,Dicta,724
התעוררות תשובה חלק ב.txt,אוצריא/שות/אחרונים/התעוררות תשובה חלק ב.txt,Dicta,948
מלבושי יום טוב חלק ב.txt,אוצריא/שות/אחרונים/מלבושי יום טוב חלק ב.txt,Dicta,994
שות פני יצחק חב.txt,אוצריא/שות/אחרונים/שות פני יצחק חב.txt,Dicta,998
ויקרא אברהם.txt,אוצריא/שות/אחרונים/ויקרא אברהם.txt,Dicta,988
התעוררות תשובה חלק א.txt,אוצריא/שות/אחרונים/התעוררות תשובה חלק א.txt,Dicta,1566
שות שמחה לאיש.txt,אוצריא/שות/אחרונים/שות שמחה לאיש.txt,Dicta,1186
עדות ביעקב.txt,אוצריא/שות/אחרונים/עדות ביעקב.txt,Dicta,309
נחלת יהושע.txt,אוצריא/שות/אחרונים/נחלת יהושע.txt,Dicta,1515
אמונת שמואל.txt,אוצריא/שות/אחרונים/אמונת שמואל.txt,Dicta,217
אבני שיש חלק א.txt,אוצריא/שות/אחרונים/אבני שיש חלק א.txt,Dicta,893
שות ברכת כהן.txt,אוצריא/שות/אחרונים/שות ברכת כהן.txt,Dicta,2445
אבני האפוד.txt,אוצריא/שות/אחרונים/אבני האפוד.txt,Dicta,602
שות בית היוצר.txt,אוצריא/שות/אחרונים/שות בית היוצר.txt,Dicta,4723
שות פרחי כהונה.txt,אוצריא/שות/אחרונים/שות פרחי כהונה.txt,Dicta,1618
חזון נחום.txt,אוצריא/שות/אחרונים/חזון נחום.txt,Dicta,2922
דעת מרדכי א.txt,אוצריא/שות/אחרונים/דעת מרדכי א.txt,Dicta,1625
שות זרע חיים.txt,אוצריא/שות/אחרונים/שות זרע חיים.txt,Dicta,1698
שות אבן שתיה.txt,אוצריא/שות/אחרונים/שות אבן שתיה.txt,Dicta,1323
שות אמרי יושר.txt,אוצריא/שות/אחרונים/שות אמרי יושר.txt,Dicta,2648
שות רבינו בצלאל אשכנזי.txt,אוצריא/שות/אחרונים/שות רבינו בצלאל אשכנזי.txt,Dicta,954
יש מאין חלק א.txt,אוצריא/שות/אחרונים/יש מאין חלק א.txt,Dicta,403
מלבושי יום טוב חלק א.txt,אוצריא/שות/אחרונים/מלבושי יום טוב חלק א.txt,Dicta,955
שות אהל משה.txt,אוצריא/שות/אחרונים/שות אהל משה.txt,Dicta,202
דרכי שלום.txt,אוצריא/שות/אחרונים/דרכי שלום.txt,Dicta,805
בית שערים יורה דעה חלק א.txt,אוצריא/שות/אחרונים/בית שערים יורה דעה חלק א.txt,Dicta,4131
מהריא הלוי חלק א.txt,אוצריא/שות/אחרונים/מהריא הלוי חלק א.txt,Dicta,1406
שות ישועות מלכו.txt,אוצריא/שות/אחרונים/שות ישועות מלכו.txt,Dicta,1287
ויוסף אברהם.txt,אוצריא/שות/אחרונים/ויוסף אברהם.txt,Dicta,693
מצפה אריה תנינא חלק א.txt,אוצריא/שות/אחרונים/מצפה אריה תנינא חלק א.txt,Dicta,1403
שות די השב.txt,אוצריא/שות/אחרונים/שות די השב.txt,Dicta,872
מנחת ברוך יורה דעה.txt,אוצריא/שות/אחרונים/מנחת ברוך יורה דעה.txt,Dicta,483
תשובות מהרים.txt,אוצריא/שות/אחרונים/תשובות מהרים.txt,Dicta,910
ארץ צבי (פרומר) א.txt,אוצריא/שות/אחרונים/ארץ צבי (פרומר) א.txt,Dicta,2562
שות פרי הארץ חלק ג.txt,אוצריא/שות/אחרונים/שות פרי הארץ חלק ג.txt,Dicta,1068
וידבר דוד.txt,אוצריא/שות/אחרונים/וידבר דוד.txt,Dicta,757
חוט השני.txt,אוצריא/שות/אחרונים/חוט השני.txt,Dicta,564
אספת גאונים.txt,אוצריא/שות/אחרונים/אספת גאונים.txt,Dicta,84
שות מהרש אלפנדרי.txt,אוצריא/שות/אחרונים/שות מהרש אלפנדרי.txt,Dicta,585
נחלת שבעה מהדורה קמא.txt,אוצריא/שות/אחרונים/נחלת שבעה/נחלת שבעה מהדורה קמא.txt,Dicta,1228
נחלת שבעה מהדורא קמא חלק ב.txt,אוצריא/שות/אחרונים/נחלת שבעה/נחלת שבעה מהדורא קמא חלק ב.txt,Dicta,272
שות תעלומות לב חלק ג.txt,אוצריא/שות/אחרונים/שות תעלומות לב/שות תעלומות לב חלק ג.txt,Dicta,2581
שות תעלומות לב חלק ד.txt,אוצריא/שות/אחרונים/שות תעלומות לב/שות תעלומות לב חלק ד.txt,Dicta,2459
שות תעלומות לב חלק א.txt,אוצריא/שות/אחרונים/שות תעלומות לב/שות תעלומות לב חלק א.txt,Dicta,1656
שות תעלומות לב חלק ב.txt,אוצריא/שות/אחרונים/שות תעלומות לב/שות תעלומות לב חלק ב.txt,Dicta,1682
תשובות הראם חלק א.txt,אוצריא/שות/אחרונים/תשובות הראם/תשובות הראם חלק א.txt,Dicta,119
תשובות הראם חלק ג.txt,אוצריא/שות/אחרונים/תשובות הראם/תשובות הראם חלק ג.txt,Dicta,768
פרי יצחק חלק א.txt,אוצריא/שות/אחרונים/פרי יצחק/פרי יצחק חלק א.txt,Dicta,972
פרי יצחק חלק ב.txt,אוצריא/שות/אחרונים/פרי יצחק/פרי יצחק חלק ב.txt,Dicta,415
משיב דבר חלק ג.txt,אוצריא/שות/אחרונים/משיב דבר/משיב דבר חלק ג.txt,Dicta,162
משיב דבר חלק ד.txt,אוצריא/שות/אחרונים/משיב דבר/משיב דבר חלק ד.txt,Dicta,955
שות שבות יעקב חלק ג.txt,אוצריא/שות/אחרונים/שבות יעקב/שות שבות יעקב חלק ג.txt,Dicta,621
שות שבות יעקב חלק ב.txt,אוצריא/שות/אחרונים/שבות יעקב/שות שבות יעקב חלק ב.txt,Dicta,623
שות שבות יעקב חלק א.txt,אוצריא/שות/אחרונים/שבות יעקב/שות שבות יעקב חלק א.txt,Dicta,1196
צמח צדק (לובאוויטש) אורח חיים חלק א.txt,אוצריא/שות/אחרונים/צמח צדק/צמח צדק (לובאוויטש) אורח חיים חלק א.txt,Dicta,652
צמח צדק (לובאוויטש) יורה דעה חלק א.txt,אוצריא/שות/אחרונים/צמח צדק/צמח צדק (לובאוויטש) יורה דעה חלק א.txt,Dicta,960
צמח צדק (לובאוויטש) אבן העזר חלק א.txt,אוצריא/שות/אחרונים/צמח צדק/צמח צדק (לובאוויטש) אבן העזר חלק א.txt,Dicta,1272
צמח צדק (לובאוויטש) יורה דעה חלק ב.txt,אוצריא/שות/אחרונים/צמח צדק/צמח צדק (לובאוויטש) יורה דעה חלק ב.txt,Dicta,1758
צמח צדק (לובאוויטש) אבן העזר חלק ד.txt,אוצריא/שות/אחרונים/צמח צדק/צמח צדק (לובאוויטש) אבן העזר חלק ד.txt,Dicta,991
צמח צדק (לובאוויטש) אבן העזר חלק ב.txt,אוצריא/שות/אחרונים/צמח צדק/צמח צדק (לובאוויטש) אבן העזר חלק ב.txt,Dicta,644
צמח צדק (לובאוויטש) אבן העזר חלק ג.txt,אוצריא/שות/אחרונים/צמח צדק/צמח צדק (לובאוויטש) אבן העזר חלק ג.txt,Dicta,739
זכר יהוסף חלק ב.txt,אוצריא/שות/אחרונים/זכר יהוסף/זכר יהוסף חלק ב.txt,Dicta,501
זכר יהוסף חלק ד.txt,אוצריא/שות/אחרונים/זכר יהוסף/זכר יהוסף חלק ד.txt,Dicta,676
זכר יהוסף חלק ג.txt,אוצריא/שות/אחרונים/זכר יהוסף/זכר יהוסף חלק ג.txt,Dicta,603
מהרש חלק ד.txt,אוצריא/שות/אחרונים/מהרש/מהרש חלק ד.txt,Dicta,999
מהרש חלק ג.txt,אוצריא/שות/אחרונים/מהרש/מהרש חלק ג.txt,Dicta,1069
בית אפרים חושן משפט.txt,אוצריא/שות/אחרונים/בית אפרים/בית אפרים חושן משפט.txt,Dicta,1516
בית אפרים אבן העזר.txt,אוצריא/שות/אחרונים/בית אפרים/בית אפרים אבן העזר.txt,Dicta,2972
בית אפרים יורה דעה.txt,אוצריא/שות/אחרונים/בית אפרים/בית אפרים יורה דעה.txt,Dicta,1060
בית אפרים אורח חיים.txt,אוצריא/שות/אחרונים/בית אפרים/בית אפרים אורח חיים.txt,Dicta,1008
בית יצחק חושן משפט.txt,אוצריא/שות/אחרונים/בית יצחק/בית יצחק חושן משפט.txt,Dicta,1871
בית יצחק אבן העזר חלק ב.txt,אוצריא/שות/אחרונים/בית יצחק/בית יצחק אבן העזר חלק ב.txt,Dicta,2177
בית יצחק אורח חיים.txt,אוצריא/שות/אחרונים/בית יצחק/בית יצחק אורח חיים.txt,Dicta,2508
בית יצחק אבן העזר חלק א.txt,אוצריא/שות/אחרונים/בית יצחק/בית יצחק אבן העזר חלק א.txt,Dicta,2530
שות בית יצחק.txt,אוצריא/שות/אחרונים/בית יצחק/שות בית יצחק.txt,Dicta,5324
פנים מאירות חלק ג.txt,אוצריא/שות/אחרונים/פנים מאירות/פנים מאירות חלק ג.txt,Dicta,288
פנים מאירות חלק ב.txt,אוצריא/שות/אחרונים/פנים מאירות/פנים מאירות חלק ב.txt,Dicta,1154
פנים מאירות חלק א.txt,אוצריא/שות/אחרונים/פנים מאירות/פנים מאירות חלק א.txt,Dicta,645
מביט חלק ג.txt,אוצריא/שות/אחרונים/מביט/מביט חלק ג.txt,Dicta,449
מביט חלק א.txt,אוצריא/שות/אחרונים/מביט/מביט חלק א.txt,Dicta,1376
מביט חלק ב.txt,אוצריא/שות/אחרונים/מביט/מביט חלק ב.txt,Dicta,456
ערוגת הבושם על יוד - א.txt,אוצריא/שות/אחרונים/ערוגת הבושם/ערוגת הבושם על יוד - א.txt,Dicta,1001
ערוגת הבושם על יוד - ב.txt,אוצריא/שות/אחרונים/ערוגת הבושם/ערוגת הבושם על יוד - ב.txt,Dicta,792
ערוגת הבושם על אוח.txt,אוצריא/שות/אחרונים/ערוגת הבושם/ערוגת הבושם על אוח.txt,Dicta,926
מהרם שיק אבן העזר.txt,אוצריא/שות/אחרונים/מהרם שיק/מהרם שיק אבן העזר.txt,Dicta,1806
מהרם שיק אורח חיים.txt,אוצריא/שות/אחרונים/מהרם שיק/מהרם שיק אורח חיים.txt,Dicta,2688
מהרם שיק חושן משפט.txt,אוצריא/שות/אחרונים/מהרם שיק/מהרם שיק חושן משפט.txt,Dicta,741
מהרם שיק יורה דעה.txt,אוצריא/שות/אחרונים/מהרם שיק/מהרם שיק יורה דעה.txt,Dicta,3998
פני יצחק חלק ו.txt,אוצריא/שות/אחרונים/פני יצחק/פני יצחק חלק ו.txt,Dicta,1670
שות דברי מלכיאל חלק ג.txt,אוצריא/שות/אחרונים/דברי מלכיאל/שות דברי מלכיאל חלק ג.txt,Dicta,1699
שות דברי מלכיאל חלק ד.txt,אוצריא/שות/אחרונים/דברי מלכיאל/שות דברי מלכיאל חלק ד.txt,Dicta,1455
שות דברי מלכיאל חלק ב.txt,אוצריא/שות/אחרונים/דברי מלכיאל/שות דברי מלכיאל חלק ב.txt,Dicta,1809
שות דברי מלכיאל חלק א.txt,אוצריא/שות/אחרונים/דברי מלכיאל/שות דברי מלכיאל חלק א.txt,Dicta,2331
שות דברי מלכיאל חלק ה.txt,אוצריא/שות/אחרונים/דברי מלכיאל/שות דברי מלכיאל חלק ה.txt,Dicta,1488
אבני נזר אורח חיים.txt,אוצריא/שות/אחרונים/אבני נזר/אבני נזר אורח חיים.txt,Dicta,9955
אבני נזר אבן העזר.txt,אוצריא/שות/אחרונים/אבני נזר/אבני נזר אבן העזר.txt,Dicta,9552
אבני נזר יורה דעה.txt,אוצריא/שות/אחרונים/אבני נזר/אבני נזר יורה דעה.txt,Dicta,5468
אבני נזר חושן משפט.txt,אוצריא/שות/אחרונים/אבני נזר/אבני נזר חושן משפט.txt,Dicta,1926
זית רענן חלק א.txt,אוצריא/שות/אחרונים/זית רענן/זית רענן חלק א.txt,Dicta,1385
זית רענן חלק ב.txt,אוצריא/שות/אחרונים/זית רענן/זית רענן חלק ב.txt,Dicta,1774
כתב סופר אורח חיים.txt,אוצריא/שות/אחרונים/כתב סופר/כתב סופר אורח חיים.txt,Dicta,2708
כתב סופר חושן משפט.txt,אוצריא/שות/אחרונים/כתב סופר/כתב סופר חושן משפט.txt,Dicta,203
כתב סופר יורה דעה.txt,אוצריא/שות/אחרונים/כתב סופר/כתב סופר יורה דעה.txt,Dicta,3618
כתב סופר אבן העזר.txt,אוצריא/שות/אחרונים/כתב סופר/כתב סופר אבן העזר.txt,Dicta,2507
דברי נחמיה יורה דעה.txt,אוצריא/שות/אחרונים/דברי נחמיה/דברי נחמיה יורה דעה.txt,Dicta,379
דברי נחמיה אורח חיים.txt,אוצריא/שות/אחרונים/דברי נחמיה/דברי נחמיה אורח חיים.txt,Dicta,853
דברי נחמיה אבן העזר.txt,אוצריא/שות/אחרונים/דברי נחמיה/דברי נחמיה אבן העזר.txt,Dicta,705
תשובה שלמה - א.txt,אוצריא/שות/אחרונים/תשובה שלמה/תשובה שלמה - א.txt,Dicta,1049
תשובה שלמה - ב.txt,אוצריא/שות/אחרונים/תשובה שלמה/תשובה שלמה - ב.txt,Dicta,1338
תשובה שלמה אורח חיים יורה דעה מהדורא תנינא.txt,אוצריא/שות/אחרונים/תשובה שלמה/תשובה שלמה אורח חיים יורה דעה מהדורא תנינא.txt,Dicta,467
נחלת ברוך.txt,אוצריא/שות/אחרונים/נחלת ברוך/נחלת ברוך.txt,Dicta,522
בית הלוי חלק ב.txt,אוצריא/שות/אחרונים/בית הלוי/בית הלוי חלק ב.txt,Dicta,1018
בית הלוי חלק א.txt,אוצריא/שות/אחרונים/בית הלוי/בית הלוי חלק א.txt,Dicta,719
בית הלוי חלק ג.txt,אוצריא/שות/אחרונים/בית הלוי/בית הלוי חלק ג.txt,Dicta,745
שות מהרשם חלק ד.txt,אוצריא/שות/אחרונים/שות מהרשם/שות מהרשם חלק ד.txt,Dicta,982
שות מהרשם חלק ה.txt,אוצריא/שות/אחרונים/שות מהרשם/שות מהרשם חלק ה.txt,Dicta,571
אחיעזר חלק ג.txt,אוצריא/שות/אחרונים/אחיעזר/אחיעזר חלק ג.txt,Dicta,1806
אחיעזר חלק א אבן העזר.txt,אוצריא/שות/אחרונים/אחיעזר/אחיעזר חלק א אבן העזר.txt,Dicta,1019
לבושי מרדכי על יורה דעה מהדורא תליתאי.txt,אוצריא/שות/אחרונים/לבושי מרדכי/לבושי מרדכי על יורה דעה מהדורא תליתאי.txt,Dicta,175
לבושי מרדכי על אורח חיים מהדורא תנינא.txt,אוצריא/שות/אחרונים/לבושי מרדכי/לבושי מרדכי על אורח חיים מהדורא תנינא.txt,Dicta,411
לבושי מרדכי על חושן משפט מהדורא תנינא.txt,אוצריא/שות/אחרונים/לבושי מרדכי/לבושי מרדכי על חושן משפט מהדורא תנינא.txt,Dicta,98
לבושי מרדכי על אורח חיים.txt,אוצריא/שות/אחרונים/לבושי מרדכי/לבושי מרדכי על אורח חיים.txt,Dicta,732
לבושי מרדכי על יורה דעה.txt,אוצריא/שות/אחרונים/לבושי מרדכי/לבושי מרדכי על יורה דעה.txt,Dicta,1018
לבושי מרדכי על חושן משפט.txt,אוצריא/שות/אחרונים/לבושי מרדכי/לבושי מרדכי על חושן משפט.txt,Dicta,274
לבושי מרדכי על אורח חיים מהדורא תליתאי.txt,אוצריא/שות/אחרונים/לבושי מרדכי/לבושי מרדכי על אורח חיים מהדורא תליתאי.txt,Dicta,249
לבושי מרדכי על אבן העזר מהדורא תנינא.txt,אוצריא/שות/אחרונים/לבושי מרדכי/לבושי מרדכי על אבן העזר מהדורא תנינא.txt,Dicta,595
לבושי מרדכי על יורה דעה מהדורא תנינא.txt,אוצריא/שות/אחרונים/לבושי מרדכי/לבושי מרדכי על יורה דעה מהדורא תנינא.txt,Dicta,356
חוט המשולש חלק ב.txt,אוצריא/שות/אחרונים/חוט המשולש/חוט המשולש חלק ב.txt,Dicta,83
חוט המשולש חלק א.txt,אוצריא/שות/אחרונים/חוט המשולש/חוט המשולש חלק א.txt,Dicta,562
חוט המשולש חלק ג.txt,אוצריא/שות/אחרונים/חוט המשולש/חוט המשולש חלק ג.txt,Dicta,927
האמונה והבטחון מיוחס לרמבן.txt,אוצריא/מחשבת ישראל/ראשונים/האמונה והבטחון מיוחס לרמבן.txt,Dicta,131
מפעלות אלוקים.txt,אוצריא/מחשבת ישראל/ראשונים/מפעלות אלוקים.txt,Dicta,426
מלמד התלמידים.txt,אוצריא/מחשבת ישראל/ראשונים/מלמד התלמידים.txt,Dicta,934
דרושי הצלח.txt,אוצריא/מחשבת ישראל/אחרונים/דרושי הצלח.txt,Dicta,989
גלות עליות.txt,אוצריא/משנה/אחרונים/גלות עליות.txt,Dicta,1291
בית מאיר על משניות.txt,אוצריא/משנה/אחרונים/בית מאיר על משניות.txt,Dicta,127
משנה אחרונה.txt,אוצריא/משנה/אחרונים/משנה אחרונה.txt,Dicta,1316
דבש תמר - ב (פירוש המשניות להרמבם).txt,אוצריא/משנה/אחרונים/דבש תמר - ב (פירוש המשניות להרמבם).txt,Dicta,581
אור הישר (טהרות).txt,אוצריא/משנה/אחרונים/אור הישר (טהרות).txt,Dicta,2148
אור הישר (זרעים).txt,אוצריא/משנה/אחרונים/אור הישר (זרעים).txt,Dicta,911
קול הרמז מועד.txt,אוצריא/משנה/אחרונים/קול הרמז/קול הרמז מועד.txt,Dicta,2272
קול הרמז נשים.txt,אוצריא/משנה/אחרונים/קול הרמז/קול הרמז נשים.txt,Dicta,2178
קול הרמז זרעים.txt,אוצריא/משנה/אחרונים/קול הרמז/קול הרמז זרעים.txt,Dicta,1402
קול הרמז נזקין.txt,אוצריא/משנה/אחרונים/קול הרמז/קול הרמז נזקין.txt,Dicta,1563
קול הרמז קדשים.txt,אוצריא/משנה/אחרונים/קול הרמז/קול הרמז קדשים.txt,Dicta,1789
אגרת התשובה לרבינו יונה.txt,אוצריא/ספרי מוסר/ראשונים/אגרת התשובה לרבינו יונה.txt,Dicta,81
ספר הגן ודרך משה.txt,אוצריא/ספרי מוסר/ראשונים/ספר הגן ודרך משה.txt,Dicta,123
משלי יעקב.txt,אוצריא/ספרי מוסר/אחרונים/משלי יעקב.txt,Dicta,1487
אלפי מנשה חלק א.txt,אוצריא/ספרי מוסר/אחרונים/אלפי מנשה חלק א.txt,Dicta,1415
ברית אברהם.txt,אוצריא/ספרי מוסר/אחרונים/ברית אברהם.txt,Dicta,280
אלפא ביתא.txt,אוצריא/ספרי מוסר/אחרונים/אלפא ביתא.txt,Dicta,79
ראש אמנה.txt,אוצריא/ספרי מוסר/אחרונים/ראש אמנה.txt,Dicta,146
אדיר במרום.txt,אוצריא/קבלה/רמחל/אדיר במרום.txt,Dicta,694
מבוא שערים.txt,אוצריא/קבלה/כתבי הארי ורבי חיים ויטאל/מבוא שערים.txt,Dicta,266
תולעת יעקב.txt,אוצריא/קבלה/ספרי קבלה נוספים/תולעת יעקב.txt,Dicta,420
קיצור מחברת הקודש.txt,אוצריא/קבלה/ספרי קבלה נוספים/קיצור מחברת הקודש.txt,Dicta,287
יושר לבב.txt,אוצריא/קבלה/ספרי קבלה נוספים/יושר לבב.txt,Dicta,304
וילקט יוסף.txt,אוצריא/קבלה/ספרי קבלה נוספים/וילקט יוסף.txt,Dicta,1831
בנין שמואל.txt,אוצריא/קבלה/ספרי קבלה נוספים/בנין שמואל.txt,Dicta,558
בנפש דוד.txt,אוצריא/קבלה/ספרי קבלה נוספים/בנפש דוד.txt,Dicta,653
ילקוט דוד - באוהל דוד.txt,אוצריא/קבלה/ספרי קבלה נוספים/ילקוט דוד - באוהל דוד.txt,Dicta,1024
אלימה רבתי.txt,אוצריא/קבלה/רמק/אלימה רבתי.txt,Dicta,1092
תוספות רבינו יהודה החסיד על ברכות.txt,אוצריא/תלמוד בבלי/ראשונים/תוספות רבינו יהודה החסיד על ברכות.txt,Dicta,821
מהרם חלאווה על פסחים.txt,אוצריא/תלמוד בבלי/ראשונים/מהרם חלאווה על פסחים.txt,Dicta,806
ריטבא על גיטין.txt,אוצריא/תלמוד בבלי/ראשונים/ריטבא/סדר נשים/ריטבא על גיטין.txt,Dicta,616
חידושי הרן על עבודה זרה.txt,אוצריא/תלמוד בבלי/ראשונים/רן/סדר נזיקין/חידושי הרן על עבודה זרה.txt,Dicta,168
חידושי הרן על בבא מציעא.txt,אוצריא/תלמוד בבלי/ראשונים/רן/סדר נזיקין/חידושי הרן על בבא מציעא.txt,Dicta,1084
חידושי הרן על שבת [מיוחס להריטבא].txt,אוצריא/תלמוד בבלי/ראשונים/רן/סדר מועד/חידושי הרן על שבת [מיוחס להריטבא].txt,Dicta,1169
חידושי הרן על ראש השנה.txt,אוצריא/תלמוד בבלי/ראשונים/רן/סדר מועד/חידושי הרן על ראש השנה.txt,Dicta,273
חידושי הרן (מיוחס לו) על שבת.txt,אוצריא/תלמוד בבלי/ראשונים/רן/סדר מועד/חידושי הרן (מיוחס לו) על שבת.txt,Dicta,2428
חידושי הרן על מגילה.txt,אוצריא/תלמוד בבלי/ראשונים/רן/סדר מועד/חידושי הרן על מגילה.txt,Dicta,334
חדושי הרי מיגאש על בבא מציעא.txt,אוצריא/תלמוד בבלי/ראשונים/רי מיגאש/חדושי הרי מיגאש על בבא מציעא.txt,Dicta,6
פתח הבית חלק א.txt,אוצריא/תלמוד בבלי/אחרונים/פתח הבית חלק א.txt,Dicta,2025
כוס הישועות.txt,אוצריא/תלמוד בבלי/אחרונים/כוס הישועות.txt,Dicta,4776
ברוך שאמר.txt,אוצריא/תלמוד בבלי/אחרונים/ברוך שאמר.txt,Dicta,309
חפץ השם.txt,אוצריא/תלמוד בבלי/אחרונים/חפץ השם.txt,Dicta,1346
אורים גדולים.txt,אוצריא/תלמוד בבלי/אחרונים/אורים גדולים.txt,Dicta,801
שמחת יום טוב.txt,אוצריא/תלמוד בבלי/אחרונים/שמחת יום טוב.txt,Dicta,1131
ברכת ראש ברכות.txt,אוצריא/תלמוד בבלי/אחרונים/ברכת ראש ברכות.txt,Dicta,785
עבודת עבודה חלק א.txt,אוצריא/תלמוד בבלי/אחרונים/עבודת עבודה חלק א.txt,Dicta,735
ערך שי שס.txt,אוצריא/תלמוד בבלי/אחרונים/ערך שי שס.txt,Dicta,1218
אגודות אזוב מדברי.txt,אוצריא/תלמוד בבלי/אחרונים/אגודות אזוב מדברי.txt,Dicta,2374
ויוסף שאול (אלישר).txt,אוצריא/תלמוד בבלי/אחרונים/ויוסף שאול (אלישר).txt,Dicta,344
תורת גיטין על גיטין.txt,אוצריא/תלמוד בבלי/אחרונים/תורת גיטין על גיטין.txt,Dicta,357
בית א-ל א.txt,אוצריא/תלמוד בבלי/אחרונים/בית א-ל א.txt,Dicta,1237
חידושי מהריא על כתובות.txt,אוצריא/תלמוד בבלי/אחרונים/חידושי מהריא על כתובות.txt,Dicta,595
באר משה (כריף).txt,אוצריא/תלמוד בבלי/אחרונים/באר משה (כריף).txt,Dicta,2013
ברוך מרדכי חלק ב.txt,אוצריא/תלמוד בבלי/אחרונים/ברוך מרדכי חלק ב.txt,Dicta,1219
אמרי נועם.txt,אוצריא/תלמוד בבלי/אחרונים/אמרי נועם.txt,Dicta,1012
הר שפר.txt,אוצריא/תלמוד בבלי/אחרונים/הר שפר.txt,Dicta,318
מלאכת חושב.txt,אוצריא/תלמוד בבלי/אחרונים/מלאכת חושב.txt,Dicta,459
אריה דבי עילאי (שס).txt,אוצריא/תלמוד בבלי/אחרונים/אריה דבי עילאי (שס).txt,Dicta,236
מלא הרועים חלק ב.txt,אוצריא/תלמוד בבלי/אחרונים/מלא הרועים חלק ב.txt,Dicta,1322
דבש תמר - ב (ראש).txt,אוצריא/תלמוד בבלי/אחרונים/דבש תמר - ב (ראש).txt,Dicta,3747
עשירית האיפה חלק א.txt,אוצריא/תלמוד בבלי/אחרונים/עשירית האיפה חלק א.txt,Dicta,1260
מנחת נתנאל.txt,אוצריא/תלמוד בבלי/אחרונים/מנחת נתנאל.txt,Dicta,788
ברכת אברהם (ברכות).txt,אוצריא/תלמוד בבלי/אחרונים/ברכת אברהם (ברכות).txt,Dicta,399
ילקוט הגרשוני על השס חלק א.txt,אוצריא/תלמוד בבלי/אחרונים/ילקוט הגרשוני על השס חלק א.txt,Dicta,1925
כתבי קודש על השס.txt,אוצריא/תלמוד בבלי/אחרונים/כתבי קודש על השס.txt,Dicta,188
מעיני החכמה על סדר נזיקין.txt,אוצריא/תלמוד בבלי/אחרונים/מעיני החכמה על סדר נזיקין.txt,Dicta,2237
בקע לגולגולת (שס).txt,אוצריא/תלמוד בבלי/אחרונים/בקע לגולגולת (שס).txt,Dicta,68
כרם שלמה.txt,אוצריא/תלמוד בבלי/אחרונים/כרם שלמה.txt,Dicta,78
חדושי רעא על תלמוד בבלי.txt,אוצריא/תלמוד בבלי/אחרונים/חדושי רעא על תלמוד בבלי.txt,Dicta,19170
תפארת מנחם על שס.txt,אוצריא/תלמוד בבלי/אחרונים/תפארת מנחם על שס.txt,Dicta,287
המקנה על קידושין.txt,אוצריא/תלמוד בבלי/אחרונים/המקנה על קידושין.txt,Dicta,1592
חלקו של יוסף (שס).txt,אוצריא/תלמוד בבלי/אחרונים/חלקו של יוסף (שס).txt,Dicta,579
בית יעקב על כתובות.txt,אוצריא/תלמוד בבלי/אחרונים/בית יעקב על כתובות.txt,Dicta,748
קובץ הערות.txt,אוצריא/תלמוד בבלי/אחרונים/קובץ הערות.txt,Dicta,1711
ברכת ראש נזיר.txt,אוצריא/תלמוד בבלי/אחרונים/ברכת ראש נזיר.txt,Dicta,1917
ירח האיתנים.txt,אוצריא/תלמוד בבלי/אחרונים/ירח האיתנים.txt,Dicta,338
בית אברהם לנדא.txt,אוצריא/תלמוד בבלי/אחרונים/בית אברהם לנדא.txt,Dicta,687
אהל דוד מסכתות שונות.txt,אוצריא/תלמוד בבלי/אחרונים/אהל דוד מסכתות שונות.txt,Dicta,791
הפלאה שבערכין.txt,אוצריא/תלמוד בבלי/אחרונים/הפלאה שבערכין.txt,Dicta,704
ישמח משה על השס.txt,אוצריא/תלמוד בבלי/אחרונים/ישמח משה על השס.txt,Dicta,529
ראשית בכורים (בכורות).txt,אוצריא/תלמוד בבלי/אחרונים/ראשית בכורים (בכורות).txt,Dicta,1875
גאון יעקב על עירובין.txt,אוצריא/תלמוד בבלי/אחרונים/גאון יעקב על עירובין.txt,Dicta,2041
חידושי הרדד.txt,אוצריא/תלמוד בבלי/אחרונים/חידושי הרדד.txt,Dicta,305
יד יצחק - ב.txt,אוצריא/תלמוד בבלי/אחרונים/יד יצחק - ב.txt,Dicta,701
ברוך מרדכי חלק א.txt,אוצריא/תלמוד בבלי/אחרונים/ברוך מרדכי חלק א.txt,Dicta,848
ידי דוד.txt,אוצריא/תלמוד בבלי/אחרונים/ידי דוד.txt,Dicta,1092
שערי תורה חלק א.txt,אוצריא/תלמוד בבלי/אחרונים/שערי תורה חלק א.txt,Dicta,1349
כרם יהושע לאנג.txt,אוצריא/תלמוד בבלי/אחרונים/כרם יהושע לאנג.txt,Dicta,777
חידוד הלכות על נדה.txt,אוצריא/תלמוד בבלי/אחרונים/חידוד הלכות על נדה.txt,Dicta,464
אהל דוד שבועות יבמות.txt,אוצריא/תלמוד בבלי/אחרונים/אהל דוד שבועות יבמות.txt,Dicta,1143
לשון הזהב שבת.txt,אוצריא/תלמוד בבלי/אחרונים/לשון הזהב שבת.txt,Dicta,1855
גרש ירחים.txt,אוצריא/תלמוד בבלי/אחרונים/גרש ירחים.txt,Dicta,2703
איגרא רמה חלק ב.txt,אוצריא/תלמוד בבלי/אחרונים/איגרא רמה חלק ב.txt,Dicta,324
מאורות נתן.txt,אוצריא/תלמוד בבלי/אחרונים/מאורות נתן.txt,Dicta,599
אם יעקב.txt,אוצריא/תלמוד בבלי/אחרונים/אם יעקב.txt,Dicta,290
מהריט אלגאזי על בכורות וחלה.txt,אוצריא/תלמוד בבלי/אחרונים/מהריט אלגאזי על בכורות וחלה.txt,Dicta,2627
איגרא רמה חלק א.txt,אוצריא/תלמוד בבלי/אחרונים/איגרא רמה חלק א.txt,Dicta,508
חידושי מהראל על השס.txt,אוצריא/תלמוד בבלי/אחרונים/חידושי מהראל על השס.txt,Dicta,156
קרן לדוד על ראש השנה.txt,אוצריא/תלמוד בבלי/אחרונים/קרן לדוד/קרן לדוד על ראש השנה.txt,Dicta,16
קרן לדוד על ביצה.txt,אוצריא/תלמוד בבלי/אחרונים/קרן לדוד/קרן לדוד על ביצה.txt,Dicta,158
קרן לדוד על עירובין.txt,אוצריא/תלמוד בבלי/אחרונים/קרן לדוד/קרן לדוד על עירובין.txt,Dicta,9
קרן לדוד על סוכה.txt,אוצריא/תלמוד בבלי/אחרונים/קרן לדוד/קרן לדוד על סוכה.txt,Dicta,17
קרן לדוד על נדה.txt,אוצריא/תלמוד בבלי/אחרונים/קרן לדוד/קרן לדוד על נדה.txt,Dicta,57
קרן לדוד על ברכות.txt,אוצריא/תלמוד בבלי/אחרונים/קרן לדוד/קרן לדוד על ברכות.txt,Dicta,83
קרן לדוד על חולין.txt,אוצריא/תלמוד בבלי/אחרונים/קרן לדוד/קרן לדוד על חולין.txt,Dicta,33
קרן לדוד על בבא קמא.txt,אוצריא/תלמוד בבלי/אחרונים/קרן לדוד/קרן לדוד על בבא קמא.txt,Dicta,11
קרן לדוד על שבת.txt,אוצריא/תלמוד בבלי/אחרונים/קרן לדוד/קרן לדוד על שבת.txt,Dicta,35
קרן לדוד על מגילה.txt,אוצריא/תלמוד בבלי/אחרונים/קרן לדוד/קרן לדוד על מגילה.txt,Dicta,5
קרן לדוד על חגיגה.txt,אוצריא/תלמוד בבלי/אחרונים/קרן לדוד/קרן לדוד על חגיגה.txt,Dicta,18
קרן לדוד על סנהדרין.txt,אוצריא/תלמוד בבלי/אחרונים/קרן לדוד/קרן לדוד על סנהדרין.txt,Dicta,11
קרן לדוד על יומא.txt,אוצריא/תלמוד בבלי/אחרונים/קרן לדוד/קרן לדוד על יומא.txt,Dicta,33
קרן לדוד על זבחים.txt,אוצריא/תלמוד בבלי/אחרונים/קרן לדוד/קרן לדוד על זבחים.txt,Dicta,5
קרן לדוד על תענית.txt,אוצריא/תלמוד בבלי/אחרונים/קרן לדוד/קרן לדוד על תענית.txt,Dicta,19
קרן לדוד על עבודה זרה.txt,אוצריא/תלמוד בבלי/אחרונים/קרן לדוד/קרן לדוד על עבודה זרה.txt,Dicta,7
קרן לדוד על פסחים.txt,אוצריא/תלמוד בבלי/אחרונים/קרן לדוד/קרן לדוד על פסחים.txt,Dicta,317
חידושי המהריט על שבת.txt,אוצריא/תלמוד בבלי/אחרונים/חידושי המהריט/חידושי המהריט על שבת.txt,Dicta,120
חידושי המהריט על קידושין.txt,אוצריא/תלמוד בבלי/אחרונים/חידושי המהריט/חידושי המהריט על קידושין.txt,Dicta,732
חידושי המהריט על כתובות.txt,אוצריא/תלמוד בבלי/אחרונים/חידושי המהריט/חידושי המהריט על כתובות.txt,Dicta,265
כפות תמרים על סוכה.txt,אוצריא/תלמוד בבלי/אחרונים/שמות בארץ/כפות תמרים על סוכה.txt,Dicta,506
גבורות שמונים.txt,אוצריא/תלמוד בבלי/אחרונים/ר' יוסף ענגיל/גבורות שמונים.txt,Dicta,705
גליוני השס על בבא מציעא.txt,אוצריא/תלמוד בבלי/אחרונים/ר' יוסף ענגיל/גליוני השס/נזיקין/גליוני השס על בבא מציעא.txt,Dicta,489
גליוני השס על בבא בתרא.txt,אוצריא/תלמוד בבלי/אחרונים/ר' יוסף ענגיל/גליוני השס/נזיקין/גליוני השס על בבא בתרא.txt,Dicta,380
גליוני השס על עבודה זרה.txt,אוצריא/תלמוד בבלי/אחרונים/ר' יוסף ענגיל/גליוני השס/נזיקין/גליוני השס על עבודה זרה.txt,Dicta,219
גליוני השס על עדיות.txt,אוצריא/תלמוד בבלי/אחרונים/ר' יוסף ענגיל/גליוני השס/נזיקין/גליוני השס על עדיות.txt,Dicta,16
גליוני השס על אבות.txt,אוצריא/תלמוד בבלי/אחרונים/ר' יוסף ענגיל/גליוני השס/נזיקין/גליוני השס על אבות.txt,Dicta,67
גליוני השס על סנהדרין.txt,אוצריא/תלמוד בבלי/אחרונים/ר' יוסף ענגיל/גליוני השס/נזיקין/גליוני השס על סנהדרין.txt,Dicta,541
גליוני השס על הוריות.txt,אוצריא/תלמוד בבלי/אחרונים/ר' יוסף ענגיל/גליוני השס/נזיקין/גליוני השס על הוריות.txt,Dicta,43
גליוני השס על בבא קמא.txt,אוצריא/תלמוד בבלי/אחרונים/ר' יוסף ענגיל/גליוני השס/נזיקין/גליוני השס על בבא קמא.txt,Dicta,442
גליוני השס על שבועות.txt,אוצריא/תלמוד בבלי/אחרונים/ר' יוסף ענגיל/גליוני השס/נזיקין/גליוני השס על שבועות.txt,Dicta,166
גליוני השס על מכות.txt,אוצריא/תלמוד בבלי/אחרונים/ר' יוסף ענגיל/גליוני השס/נזיקין/גליוני השס על מכות.txt,Dicta,114
גליוני השס על גיטין.txt,אוצריא/תלמוד בבלי/אחרונים/ר' יוסף ענגיל/גליוני השס/נשים/גליוני השס על גיטין.txt,Dicta,507
גליוני השס על יבמות.txt,אוצריא/תלמוד בבלי/אחרונים/ר' יוסף ענגיל/גליוני השס/נשים/גליוני השס על יבמות.txt,Dicta,796
גליוני השס על קידושין.txt,אוצריא/תלמוד בבלי/אחרונים/ר' יוסף ענגיל/גליוני השס/נשים/גליוני השס על קידושין.txt,Dicta,577
גליוני השס על נדרים.txt,אוצריא/תלמוד בבלי/אחרונים/ר' יוסף ענגיל/גליוני השס/נשים/גליוני השס על נדרים.txt,Dicta,296
גליוני השס על סוטה.txt,אוצריא/תלמוד בבלי/אחרונים/ר' יוסף ענגיל/גליוני השס/נשים/גליוני השס על סוטה.txt,Dicta,199
גליוני השס על כתובות.txt,אוצריא/תלמוד בבלי/אחרונים/ר' יוסף ענגיל/גליוני השס/נשים/גליוני השס על כתובות.txt,Dicta,646
גליוני השס על נזיר.txt,אוצריא/תלמוד בבלי/אחרונים/ר' יוסף ענגיל/גליוני השס/נשים/גליוני השס על נזיר.txt,Dicta,126
גליוני השס על פסחים.txt,אוצריא/תלמוד בבלי/אחרונים/ר' יוסף ענגיל/גליוני השס/מועד/גליוני השס על פסחים.txt,Dicta,607
גליוני השס על תענית.txt,אוצריא/תלמוד בבלי/אחרונים/ר' יוסף ענגיל/גליוני השס/מועד/גליוני השס על תענית.txt,Dicta,154
גליוני השס על סוכה.txt,אוצריא/תלמוד בבלי/אחרונים/ר' יוסף ענגיל/גליוני השס/מועד/גליוני השס על סוכה.txt,Dicta,353
גליוני השס על שבת.txt,אוצריא/תלמוד בבלי/אחרונים/ר' יוסף ענגיל/גליוני השס/מועד/גליוני השס על שבת.txt,Dicta,1057
גליוני השס על מועד קטן.txt,אוצריא/תלמוד בבלי/אחרונים/ר' יוסף ענגיל/גליוני השס/מועד/גליוני השס על מועד קטן.txt,Dicta,138
גליוני השס על ביצה.txt,אוצריא/תלמוד בבלי/אחרונים/ר' יוסף ענגיל/גליוני השס/מועד/גליוני השס על ביצה.txt,Dicta,178
גליוני השס על יומא.txt,אוצריא/תלמוד בבלי/אחרונים/ר' יוסף ענגיל/גליוני השס/מועד/גליוני השס על יומא.txt,Dicta,438
גליוני השס על מגילה.txt,אוצריא/תלמוד בבלי/אחרונים/ר' יוסף ענגיל/גליוני השס/מועד/גליוני השס על מגילה.txt,Dicta,179
גליוני השס על ראש השנה.txt,אוצריא/תלמוד בבלי/אחרונים/ר' יוסף ענגיל/גליוני השס/מועד/גליוני השס על ראש השנה.txt,Dicta,257
גליוני השס על עירובין.txt,אוצריא/תלמוד בבלי/אחרונים/ר' יוסף ענגיל/גליוני השס/מועד/גליוני השס על עירובין.txt,Dicta,387
לבוש מרדכי על גיטין.txt,אוצריא/תלמוד בבלי/אחרונים/לבוש מרדכי/סדר נשים/לבוש מרדכי על גיטין.txt,Dicta,290
לבוש מרדכי על יבמות.txt,אוצריא/תלמוד בבלי/אחרונים/לבוש מרדכי/סדר נשים/לבוש מרדכי על יבמות.txt,Dicta,755
לבוש מרדכי בבא מציעא.txt,אוצריא/תלמוד בבלי/אחרונים/לבוש מרדכי/סדר נזיקין/לבוש מרדכי בבא מציעא.txt,Dicta,1583
לבוש מרדכי בבא קמא.txt,אוצריא/תלמוד בבלי/אחרונים/לבוש מרדכי/סדר נזיקין/לבוש מרדכי בבא קמא.txt,Dicta,653
לבוש מרדכי על מעילה.txt,אוצריא/תלמוד בבלי/אחרונים/לבוש מרדכי/סדר קדשים/לבוש מרדכי על מעילה.txt,Dicta,58
לבוש מרדכי על זבחים.txt,אוצריא/תלמוד בבלי/אחרונים/לבוש מרדכי/סדר קדשים/לבוש מרדכי על זבחים.txt,Dicta,443
לבוש מרדכי על מנחות.txt,אוצריא/תלמוד בבלי/אחרונים/לבוש מרדכי/סדר קדשים/לבוש מרדכי על מנחות.txt,Dicta,107
בית אהרן על בבא מציעא.txt,אוצריא/תלמוד בבלי/אחרונים/בית אהרן/בית אהרן על בבא מציעא.txt,Dicta,1297
בית אהרן על כתובות.txt,אוצריא/תלמוד בבלי/אחרונים/בית אהרן/בית אהרן על כתובות.txt,Dicta,1118
בית אהרן על גיטין.txt,אוצריא/תלמוד בבלי/אחרונים/בית אהרן/בית אהרן על גיטין.txt,Dicta,1191
בית אהרן (בק).txt,אוצריא/תלמוד בבלי/אחרונים/בית אהרן/בית אהרן (בק).txt,Dicta,238
נחלת דוד על בבא מציעא.txt,אוצריא/תלמוד בבלי/אחרונים/נחלת דוד/נחלת דוד על בבא מציעא.txt,Dicta,325
נחלת דוד על בבא בתרא.txt,אוצריא/תלמוד בבלי/אחרונים/נחלת דוד/נחלת דוד על בבא בתרא.txt,Dicta,89
נחלת דוד על בבא קמא.txt,אוצריא/תלמוד בבלי/אחרונים/נחלת דוד/נחלת דוד על בבא קמא.txt,Dicta,272
אבן העוזר על עבודה זרה.txt,אוצריא/תלמוד בבלי/אחרונים/אבן העוזר/אבן העוזר על עבודה זרה.txt,Dicta,4
אבן העוזר על עירובין.txt,אוצריא/תלמוד בבלי/אחרונים/אבן העוזר/אבן העוזר על עירובין.txt,Dicta,206
אבן העוזר על שבת.txt,אוצריא/תלמוד בבלי/אחרונים/אבן העוזר/אבן העוזר על שבת.txt,Dicta,159
אבן העוזר על ראש השנה.txt,אוצריא/תלמוד בבלי/אחרונים/אבן העוזר/אבן העוזר על ראש השנה.txt,Dicta,5
אבן העוזר על קידושין.txt,אוצריא/תלמוד בבלי/אחרונים/אבן העוזר/אבן העוזר על קידושין.txt,Dicta,20
אבן העוזר על בבא בתרא.txt,אוצריא/תלמוד בבלי/אחרונים/אבן העוזר/אבן העוזר על בבא בתרא.txt,Dicta,23
אבן העוזר על בבא מציעא.txt,אוצריא/תלמוד בבלי/אחרונים/אבן העוזר/אבן העוזר על בבא מציעא.txt,Dicta,36
אבן העוזר על פסחים.txt,אוצריא/תלמוד בבלי/אחרונים/אבן העוזר/אבן העוזר על פסחים.txt,Dicta,169
אבן העוזר על גיטין.txt,אוצריא/תלמוד בבלי/אחרונים/אבן העוזר/אבן העוזר על גיטין.txt,Dicta,20
אבן העוזר על ביצה.txt,אוצריא/תלמוד בבלי/אחרונים/אבן העוזר/אבן העוזר על ביצה.txt,Dicta,75
אבן העוזר על הוריות.txt,אוצריא/תלמוד בבלי/אחרונים/אבן העוזר/אבן העוזר על הוריות.txt,Dicta,6
אבן העוזר על שבועות.txt,אוצריא/תלמוד בבלי/אחרונים/אבן העוזר/אבן העוזר על שבועות.txt,Dicta,5
אבן העוזר על סוכה.txt,אוצריא/תלמוד בבלי/אחרונים/אבן העוזר/אבן העוזר על סוכה.txt,Dicta,11
אבן העוזר על זבים.txt,אוצריא/תלמוד בבלי/אחרונים/אבן העוזר/אבן העוזר על זבים.txt,Dicta,6
אבן העוזר על בבא קמא.txt,אוצריא/תלמוד בבלי/אחרונים/אבן העוזר/אבן העוזר על בבא קמא.txt,Dicta,17
אבן העוזר על מגילה.txt,אוצריא/תלמוד בבלי/אחרונים/אבן העוזר/אבן העוזר על מגילה.txt,Dicta,6
אבן העוזר על ברכות.txt,אוצריא/תלמוד בבלי/אחרונים/אבן העוזר/אבן העוזר על ברכות.txt,Dicta,59
תבואות השדה חלק ב.txt,אוצריא/תלמוד בבלי/אחרונים/תבואות השדה/תבואות השדה חלק ב.txt,Dicta,691
תבואות השדה חלק א.txt,אוצריא/תלמוד בבלי/אחרונים/תבואות השדה/תבואות השדה חלק א.txt,Dicta,890
אמרי שמואל א.txt,אוצריא/תלמוד בבלי/אחרונים/אמרי שמואל/אמרי שמואל א.txt,Dicta,308
אמרי שמואל ב.txt,אוצריא/תלמוד בבלי/אחרונים/אמרי שמואל/אמרי שמואל ב.txt,Dicta,153
ראש יוסף על פסחים.txt,אוצריא/תלמוד בבלי/אחרונים/ראש יוסף/ראש יוסף על פסחים.txt,Dicta,865
ראש יוסף על ביצה.txt,אוצריא/תלמוד בבלי/אחרונים/ראש יוסף/ראש יוסף על ביצה.txt,Dicta,865
ראש יוסף על ברכות.txt,אוצריא/תלמוד בבלי/אחרונים/ראש יוסף/ראש יוסף על ברכות.txt,Dicta,926
ראש יוסף על חולין.txt,אוצריא/תלמוד בבלי/אחרונים/ראש יוסף/ראש יוסף על חולין.txt,Dicta,2373
אמת ליעקב על נדה.txt,אוצריא/תלמוד בבלי/אחרונים/אמת ליעקב/אמת ליעקב על נדה.txt,Dicta,4
אמת ליעקב על מועד קטן.txt,אוצריא/תלמוד בבלי/אחרונים/אמת ליעקב/אמת ליעקב על מועד קטן.txt,Dicta,16
אמת ליעקב על פסחים.txt,אוצריא/תלמוד בבלי/אחרונים/אמת ליעקב/אמת ליעקב על פסחים.txt,Dicta,15
אמת ליעקב על בבא מציעא.txt,אוצריא/תלמוד בבלי/אחרונים/אמת ליעקב/אמת ליעקב על בבא מציעא.txt,Dicta,11
אמת ליעקב על חגיגה.txt,אוצריא/תלמוד בבלי/אחרונים/אמת ליעקב/אמת ליעקב על חגיגה.txt,Dicta,14
אמת ליעקב על גיטין.txt,אוצריא/תלמוד בבלי/אחרונים/אמת ליעקב/אמת ליעקב על גיטין.txt,Dicta,7
אמת ליעקב על זבחים.txt,אוצריא/תלמוד בבלי/אחרונים/אמת ליעקב/אמת ליעקב על זבחים.txt,Dicta,4
אמת ליעקב על כתובות.txt,אוצריא/תלמוד בבלי/אחרונים/אמת ליעקב/אמת ליעקב על כתובות.txt,Dicta,9
אמת ליעקב על ברכות.txt,אוצריא/תלמוד בבלי/אחרונים/אמת ליעקב/אמת ליעקב על ברכות.txt,Dicta,126
אמת ליעקב על יומא.txt,אוצריא/תלמוד בבלי/אחרונים/אמת ליעקב/אמת ליעקב על יומא.txt,Dicta,25
אמת ליעקב על סנהדרין.txt,אוצריא/תלמוד בבלי/אחרונים/אמת ליעקב/אמת ליעקב על סנהדרין.txt,Dicta,16
אמת ליעקב על שבת.txt,אוצריא/תלמוד בבלי/אחרונים/אמת ליעקב/אמת ליעקב על שבת.txt,Dicta,65
אמת ליעקב על קידושין.txt,אוצריא/תלמוד בבלי/אחרונים/אמת ליעקב/אמת ליעקב על קידושין.txt,Dicta,6
אמת ליעקב על ראש השנה.txt,אוצריא/תלמוד בבלי/אחרונים/אמת ליעקב/אמת ליעקב על ראש השנה.txt,Dicta,24
אמת ליעקב על יבמות.txt,אוצריא/תלמוד בבלי/אחרונים/אמת ליעקב/אמת ליעקב על יבמות.txt,Dicta,4
אמת ליעקב על עבודה זרה.txt,אוצריא/תלמוד בבלי/אחרונים/אמת ליעקב/אמת ליעקב על עבודה זרה.txt,Dicta,15
אמת ליעקב על בכורות.txt,אוצריא/תלמוד בבלי/אחרונים/אמת ליעקב/אמת ליעקב על בכורות.txt,Dicta,10
אמת ליעקב על מגילה.txt,אוצריא/תלמוד בבלי/אחרונים/אמת ליעקב/אמת ליעקב על מגילה.txt,Dicta,6
אמת ליעקב על סוטה.txt,אוצריא/תלמוד בבלי/אחרונים/אמת ליעקב/אמת ליעקב על סוטה.txt,Dicta,9
אמת ליעקב על חולין.txt,אוצריא/תלמוד בבלי/אחרונים/אמת ליעקב/אמת ליעקב על חולין.txt,Dicta,6
אמת ליעקב על מכות.txt,אוצריא/תלמוד בבלי/אחרונים/אמת ליעקב/אמת ליעקב על מכות.txt,Dicta,4
אמת ליעקב על סוכה.txt,אוצריא/תלמוד בבלי/אחרונים/אמת ליעקב/אמת ליעקב על סוכה.txt,Dicta,7
אמת ליעקב על תענית.txt,אוצריא/תלמוד בבלי/אחרונים/אמת ליעקב/אמת ליעקב על תענית.txt,Dicta,60
אמת ליעקב על שבועות.txt,אוצריא/תלמוד בבלי/אחרונים/אמת ליעקב/אמת ליעקב על שבועות.txt,Dicta,4
אמת ליעקב על בבא בתרא.txt,אוצריא/תלמוד בבלי/אחרונים/אמת ליעקב/אמת ליעקב על בבא בתרא.txt,Dicta,70
אמת ליעקב על בבא קמא.txt,אוצריא/תלמוד בבלי/אחרונים/אמת ליעקב/אמת ליעקב על בבא קמא.txt,Dicta,12
אמת ליעקב על עירובין.txt,אוצריא/תלמוד בבלי/אחרונים/אמת ליעקב/אמת ליעקב על עירובין.txt,Dicta,17
לפלגות ראובן חלק א.txt,אוצריא/תלמוד בבלי/אחרונים/לפלגות ראובן/לפלגות ראובן חלק א.txt,Dicta,1128
לפלגות ראובן חלק ב.txt,אוצריא/תלמוד בבלי/אחרונים/לפלגות ראובן/לפלגות ראובן חלק ב.txt,Dicta,648
לפלגות ראובן חלק ג.txt,אוצריא/תלמוד בבלי/אחרונים/לפלגות ראובן/לפלגות ראובן חלק ג.txt,Dicta,1093
שפת אמת על ערכין.txt,אוצריא/תלמוד בבלי/אחרונים/שפת אמת/סדר קדשים/שפת אמת על ערכין.txt,Dicta,194
שפת אמת על כריתות.txt,אוצריא/תלמוד בבלי/אחרונים/שפת אמת/סדר קדשים/שפת אמת על כריתות.txt,Dicta,190
שפת אמת על מנחות.txt,אוצריא/תלמוד בבלי/אחרונים/שפת אמת/סדר קדשים/שפת אמת על מנחות.txt,Dicta,1013
שפת אמת על זבחים.txt,אוצריא/תלמוד בבלי/אחרונים/שפת אמת/סדר קדשים/שפת אמת על זבחים.txt,Dicta,932
שפת אמת על מעילה.txt,אוצריא/תלמוד בבלי/אחרונים/שפת אמת/סדר קדשים/שפת אמת על מעילה.txt,Dicta,110
שפת אמת על בכורות.txt,אוצריא/תלמוד בבלי/אחרונים/שפת אמת/סדר קדשים/שפת אמת על בכורות.txt,Dicta,177
שפת אמת על תמורה.txt,אוצריא/תלמוד בבלי/אחרונים/שפת אמת/סדר קדשים/שפת אמת על תמורה.txt,Dicta,244
שפת אמת על ברכות.txt,אוצריא/תלמוד בבלי/אחרונים/שפת אמת/סדר זרעים/שפת אמת על ברכות.txt,Dicta,71
שפת אמת על שבת.txt,אוצריא/תלמוד בבלי/אחרונים/שפת אמת/סדר מועד/שפת אמת על שבת.txt,Dicta,1848
שפת אמת על פסחים.txt,אוצריא/תלמוד בבלי/אחרונים/שפת אמת/סדר מועד/שפת אמת על פסחים.txt,Dicta,929
שפת אמת על עירובין.txt,אוצריא/תלמוד בבלי/אחרונים/שפת אמת/סדר מועד/שפת אמת על עירובין.txt,Dicta,566
פורת יוסף על בבא קמא.txt,אוצריא/תלמוד בבלי/אחרונים/פורת יוסף/פורת יוסף על בבא קמא.txt,Dicta,29
פורת יוסף על כתובות.txt,אוצריא/תלמוד בבלי/אחרונים/פורת יוסף/פורת יוסף על כתובות.txt,Dicta,377
פורת יוסף על יבמות.txt,אוצריא/תלמוד בבלי/אחרונים/פורת יוסף/פורת יוסף על יבמות.txt,Dicta,253
פורת יוסף הקדמה וכללים.txt,אוצריא/תלמוד בבלי/אחרונים/פורת יוסף/פורת יוסף הקדמה וכללים.txt,Dicta,69
ליקוטי מהריל על כתובות.txt,אוצריא/תלמוד בבלי/אחרונים/ליקוטי מהריל/סדר נשים/ליקוטי מהריל על כתובות.txt,Dicta,57
ליקוטי מהריל על קידושין.txt,אוצריא/תלמוד בבלי/אחרונים/ליקוטי מהריל/סדר נשים/ליקוטי מהריל על קידושין.txt,Dicta,17
דרוש וחידוש על השס חלק שני מערכות.txt,אוצריא/תלמוד בבלי/אחרונים/דרוש וחידוש/דרוש וחידוש על השס חלק שני מערכות.txt,Dicta,515
דרוש וחידוש על השס חלק שני.txt,אוצריא/תלמוד בבלי/אחרונים/דרוש וחידוש/דרוש וחידוש על השס חלק שני.txt,Dicta,841
דברי דוד מועד קטן.txt,אוצריא/תלמוד בבלי/אחרונים/דברי דוד/דברי דוד מועד קטן.txt,Dicta,62
דברי דוד פסחים.txt,אוצריא/תלמוד בבלי/אחרונים/דברי דוד/דברי דוד פסחים.txt,Dicta,52
דברי דוד ברכות.txt,אוצריא/תלמוד בבלי/אחרונים/דברי דוד/דברי דוד ברכות.txt,Dicta,376
כפי אהרן על פסחים.txt,אוצריא/תלמוד בבלי/אחרונים/כפי אהרן/כפי אהרן על פסחים.txt,Dicta,4
כפי אהרן על תמורה.txt,אוצריא/תלמוד בבלי/אחרונים/כפי אהרן/כפי אהרן על תמורה.txt,Dicta,4
כפי אהרן על ביצה.txt,אוצריא/תלמוד בבלי/אחרונים/כפי אהרן/כפי אהרן על ביצה.txt,Dicta,4
כפי אהרן על תענית.txt,אוצריא/תלמוד בבלי/אחרונים/כפי אהרן/כפי אהרן על תענית.txt,Dicta,6
כפי אהרן על סוטה.txt,אוצריא/תלמוד בבלי/אחרונים/כפי אהרן/כפי אהרן על סוטה.txt,Dicta,10
כפי אהרן על קידושין.txt,אוצריא/תלמוד בבלי/אחרונים/כפי אהרן/כפי אהרן על קידושין.txt,Dicta,19
כפי אהרן על נדרים.txt,אוצריא/תלמוד בבלי/אחרונים/כפי אהרן/כפי אהרן על נדרים.txt,Dicta,4
כפי אהרן על עבודה זרה.txt,אוצריא/תלמוד בבלי/אחרונים/כפי אהרן/כפי אהרן על עבודה זרה.txt,Dicta,20
כפי אהרן על בבא מציעא.txt,אוצריא/תלמוד בבלי/אחרונים/כפי אהרן/כפי אהרן על בבא מציעא.txt,Dicta,4
כפי אהרן על זבחים.txt,אוצריא/תלמוד בבלי/אחרונים/כפי אהרן/כפי אהרן על זבחים.txt,Dicta,6
כפי אהרן על נדה.txt,אוצריא/תלמוד בבלי/אחרונים/כפי אהרן/כפי אהרן על נדה.txt,Dicta,6
כפי אהרן הערות על ספר חוקי חיים.txt,אוצריא/תלמוד בבלי/אחרונים/כפי אהרן/כפי אהרן הערות על ספר חוקי חיים.txt,Dicta,111
כפי אהרן על ברכות.txt,אוצריא/תלמוד בבלי/אחרונים/כפי אהרן/כפי אהרן על ברכות.txt,Dicta,24
כפי אהרן על סוכה.txt,אוצריא/תלמוד בבלי/אחרונים/כפי אהרן/כפי אהרן על סוכה.txt,Dicta,38
כפי אהרן על בבא קמא.txt,אוצריא/תלמוד בבלי/אחרונים/כפי אהרן/כפי אהרן על בבא קמא.txt,Dicta,8
כפי אהרן על יומא.txt,אוצריא/תלמוד בבלי/אחרונים/כפי אהרן/כפי אהרן על יומא.txt,Dicta,4
כפי אהרן על יבמות.txt,אוצריא/תלמוד בבלי/אחרונים/כפי אהרן/כפי אהרן על יבמות.txt,Dicta,6
כפי אהרן על כתובות.txt,אוצריא/תלמוד בבלי/אחרונים/כפי אהרן/כפי אהרן על כתובות.txt,Dicta,6
כפי אהרן על מגילה.txt,אוצריא/תלמוד בבלי/אחרונים/כפי אהרן/כפי אהרן על מגילה.txt,Dicta,4
ראשון לציון על ברכות.txt,אוצריא/תלמוד בבלי/אחרונים/ראשון לציון/סדר זרעים/ראשון לציון על ברכות.txt,Dicta,254
ראשון לציון על תענית.txt,אוצריא/תלמוד בבלי/אחרונים/ראשון לציון/סדר מועד/ראשון לציון על תענית.txt,Dicta,23
ראשון לציון על חגיגה.txt,אוצריא/תלמוד בבלי/אחרונים/ראשון לציון/סדר מועד/ראשון לציון על חגיגה.txt,Dicta,92
ראשון לציון על ביצה.txt,אוצריא/תלמוד בבלי/אחרונים/ראשון לציון/סדר מועד/ראשון לציון על ביצה.txt,Dicta,305
ראשון לציון על מועד קטן.txt,אוצריא/תלמוד בבלי/אחרונים/ראשון לציון/סדר מועד/ראשון לציון על מועד קטן.txt,Dicta,38
ראשון לציון על סוכה.txt,אוצריא/תלמוד בבלי/אחרונים/ראשון לציון/סדר מועד/ראשון לציון על סוכה.txt,Dicta,109
בית מאיר על נדה.txt,אוצריא/תלמוד בבלי/אחרונים/בית מאיר/סדר טהרות/בית מאיר על נדה.txt,Dicta,46
בית מאיר על סוטה.txt,אוצריא/תלמוד בבלי/אחרונים/בית מאיר/סדר נשים/בית מאיר על סוטה.txt,Dicta,6
בית מאיר על גיטין.txt,אוצריא/תלמוד בבלי/אחרונים/בית מאיר/סדר נשים/בית מאיר על גיטין.txt,Dicta,23
בית מאיר על נזיר.txt,אוצריא/תלמוד בבלי/אחרונים/בית מאיר/סדר נשים/בית מאיר על נזיר.txt,Dicta,20
בית מאיר על כתובות.txt,אוצריא/תלמוד בבלי/אחרונים/בית מאיר/סדר נשים/בית מאיר על כתובות.txt,Dicta,49
בית מאיר על יבמות.txt,אוצריא/תלמוד בבלי/אחרונים/בית מאיר/סדר נשים/בית מאיר על יבמות.txt,Dicta,54
בית מאיר על קידושין.txt,אוצריא/תלמוד בבלי/אחרונים/בית מאיר/סדר נשים/בית מאיר על קידושין.txt,Dicta,142
בית מאיר על נדרים.txt,אוצריא/תלמוד בבלי/אחרונים/בית מאיר/סדר נשים/בית מאיר על נדרים.txt,Dicta,73
בית מאיר על בבא קמא.txt,אוצריא/תלמוד בבלי/אחרונים/בית מאיר/סדר נזיקין/בית מאיר על בבא קמא.txt,Dicta,87
בית מאיר על עבודה זרה.txt,אוצריא/תלמוד בבלי/אחרונים/בית מאיר/סדר נזיקין/בית מאיר על עבודה זרה.txt,Dicta,52
בית מאיר על מכות.txt,אוצריא/תלמוד בבלי/אחרונים/בית מאיר/סדר נזיקין/בית מאיר על מכות.txt,Dicta,6
בית מאיר על בבא מציעא.txt,אוצריא/תלמוד בבלי/אחרונים/בית מאיר/סדר נזיקין/בית מאיר על בבא מציעא.txt,Dicta,46
בית מאיר על בבא בתרא.txt,אוצריא/תלמוד בבלי/אחרונים/בית מאיר/סדר נזיקין/בית מאיר על בבא בתרא.txt,Dicta,41
בית מאיר על סנהדרין.txt,אוצריא/תלמוד בבלי/אחרונים/בית מאיר/סדר נזיקין/בית מאיר על סנהדרין.txt,Dicta,21
בית מאיר על שבועות.txt,אוצריא/תלמוד בבלי/אחרונים/בית מאיר/סדר נזיקין/בית מאיר על שבועות.txt,Dicta,48
בית מאיר על מעילה.txt,אוצריא/תלמוד בבלי/אחרונים/בית מאיר/סדר קדשים/בית מאיר על מעילה.txt,Dicta,6
בית מאיר על זבחים.txt,אוצריא/תלמוד בבלי/אחרונים/בית מאיר/סדר קדשים/בית מאיר על זבחים.txt,Dicta,67
בית מאיר על מנחות.txt,אוצריא/תלמוד בבלי/אחרונים/בית מאיר/סדר קדשים/בית מאיר על מנחות.txt,Dicta,22
בית מאיר על חולין.txt,אוצריא/תלמוד בבלי/אחרונים/בית מאיר/סדר קדשים/בית מאיר על חולין.txt,Dicta,105
בית מאיר על כריתות.txt,אוצריא/תלמוד בבלי/אחרונים/בית מאיר/סדר קדשים/בית מאיר על כריתות.txt,Dicta,15
בית מאיר על ערכין.txt,אוצריא/תלמוד בבלי/אחרונים/בית מאיר/סדר קדשים/בית מאיר על ערכין.txt,Dicta,39
בית מאיר על בכורות.txt,אוצריא/תלמוד בבלי/אחרונים/בית מאיר/סדר קדשים/בית מאיר על בכורות.txt,Dicta,32
בית מאיר על תמורה.txt,אוצריא/תלמוד בבלי/אחרונים/בית מאיר/סדר קדשים/בית מאיר על תמורה.txt,Dicta,39
בית מאיר על ברכות.txt,אוצריא/תלמוד בבלי/אחרונים/בית מאיר/סדר זרעים/בית מאיר על ברכות.txt,Dicta,33
בית מאיר על תענית.txt,אוצריא/תלמוד בבלי/אחרונים/בית מאיר/סדר מועד/בית מאיר על תענית.txt,Dicta,9
בית מאיר על שבת.txt,אוצריא/תלמוד בבלי/אחרונים/בית מאיר/סדר מועד/בית מאיר על שבת.txt,Dicta,77
בית מאיר על פסחים.txt,אוצריא/תלמוד בבלי/אחרונים/בית מאיר/סדר מועד/בית מאיר על פסחים.txt,Dicta,133
בית מאיר על חגיגה.txt,אוצריא/תלמוד בבלי/אחרונים/בית מאיר/סדר מועד/בית מאיר על חגיגה.txt,Dicta,10
בית מאיר על ביצה.txt,אוצריא/תלמוד בבלי/אחרונים/בית מאיר/סדר מועד/בית מאיר על ביצה.txt,Dicta,105
בית מאיר על סוכה.txt,אוצריא/תלמוד בבלי/אחרונים/בית מאיר/סדר מועד/בית מאיר על סוכה.txt,Dicta,29
בית מאיר על מגילה.txt,אוצריא/תלמוד בבלי/אחרונים/בית מאיר/סדר מועד/בית מאיר על מגילה.txt,Dicta,17
בית מאיר על עירובין.txt,אוצריא/תלמוד בבלי/אחרונים/בית מאיר/סדר מועד/בית מאיר על עירובין.txt,Dicta,89
בית מאיר על ראש השנה.txt,אוצריא/תלמוד בבלי/אחרונים/בית מאיר/סדר מועד/בית מאיר על ראש השנה.txt,Dicta,21
בית מאיר על יומא.txt,אוצריא/תלמוד בבלי/אחרונים/בית מאיר/סדר מועד/בית מאיר על יומא.txt,Dicta,47
בית מאיר על מועד קטן.txt,אוצריא/תלמוד בבלי/אחרונים/בית מאיר/סדר מועד/בית מאיר על מועד קטן.txt,Dicta,12
אמרי הצבי א.txt,אוצריא/תלמוד בבלי/אחרונים/אמרי הצבי/אמרי הצבי א.txt,Dicta,1822
אמרי הצבי ב.txt,אוצריא/תלמוד בבלי/אחרונים/אמרי הצבי/אמרי הצבי ב.txt,Dicta,1562
אמרי הצבי ד.txt,אוצריא/תלמוד בבלי/אחרונים/אמרי הצבי/אמרי הצבי ד.txt,Dicta,859
תורת חיים על עבודה זרה.txt,אוצריא/תלמוד בבלי/אחרונים/תורת חיים/תורת חיים על עבודה זרה.txt,Dicta,359
תורת חיים על בבא מציעא.txt,אוצריא/תלמוד בבלי/אחרונים/תורת חיים/תורת חיים על בבא מציעא.txt,Dicta,704
תורת חיים על עירובין.txt,אוצריא/תלמוד בבלי/אחרונים/תורת חיים/תורת חיים על עירובין.txt,Dicta,387
תורת חיים על סנהדרין.txt,אוצריא/תלמוד בבלי/אחרונים/תורת חיים/תורת חיים על סנהדרין.txt,Dicta,687
תורת חיים על שבועות.txt,אוצריא/תלמוד בבלי/אחרונים/תורת חיים/תורת חיים על שבועות.txt,Dicta,248
תורת חיים על פסחים.txt,אוצריא/תלמוד בבלי/אחרונים/תורת חיים/תורת חיים על פסחים.txt,Dicta,50
תורת חיים על בבא קמא.txt,אוצריא/תלמוד בבלי/אחרונים/תורת חיים/תורת חיים על בבא קמא.txt,Dicta,701
תורת חיים על בבא בתרא.txt,אוצריא/תלמוד בבלי/אחרונים/תורת חיים/תורת חיים על בבא בתרא.txt,Dicta,780
תורת חיים על חולין.txt,אוצריא/תלמוד בבלי/אחרונים/תורת חיים/תורת חיים על חולין.txt,Dicta,664
תקנת עזרא (מעילה תיקון חשוב).txt,אוצריא/תלמוד בבלי/אחרונים/תקנת עזרא/תקנת עזרא (מעילה תיקון חשוב).txt,Dicta,533
תקנת עזרא (מעילה תנינא).txt,אוצריא/תלמוד בבלי/אחרונים/תקנת עזרא/תקנת עזרא (מעילה תנינא).txt,Dicta,387
תקנת עזרא (מעילה).txt,אוצריא/תלמוד בבלי/אחרונים/תקנת עזרא/תקנת עזרא (מעילה).txt,Dicta,664
תפארת יעקב על גיטין.txt,אוצריא/תלמוד בבלי/אחרונים/תפארת יעקב/תפארת יעקב על גיטין.txt,Dicta,4337
כתב סופר על חולין.txt,אוצריא/תלמוד בבלי/אחרונים/כתב סופר/כתב סופר על חולין.txt,Dicta,1394
כתב סופר גיטין חלק ב.txt,אוצריא/תלמוד בבלי/אחרונים/כתב סופר/כתב סופר גיטין חלק ב.txt,Dicta,1097
כתב סופר גיטין חלק א.txt,אוצריא/תלמוד בבלי/אחרונים/כתב סופר/כתב סופר גיטין חלק א.txt,Dicta,1428
צלח ביצה.txt,אוצריא/תלמוד בבלי/אחרונים/ציון לנפש חיה/צלח ביצה.txt,Dicta,690
קרן אורה על יבמות.txt,אוצריא/תלמוד בבלי/אחרונים/קרן אורה/סדר נשים/קרן אורה על יבמות.txt,Dicta,1442
קרן אורה על סוטה.txt,אוצריא/תלמוד בבלי/אחרונים/קרן אורה/סדר נשים/קרן אורה על סוטה.txt,Dicta,550
קרן אורה על נזיר.txt,אוצריא/תלמוד בבלי/אחרונים/קרן אורה/סדר נשים/קרן אורה על נזיר.txt,Dicta,1398
קרן אורה על נדרים.txt,אוצריא/תלמוד בבלי/אחרונים/קרן אורה/סדר נשים/קרן אורה על נדרים.txt,Dicta,1172
קרן אורה על סנהדרין.txt,אוצריא/תלמוד בבלי/אחרונים/קרן אורה/סדר נזיקין/קרן אורה על סנהדרין.txt,Dicta,76
קרן אורה על הוריות.txt,אוצריא/תלמוד בבלי/אחרונים/קרן אורה/סדר נזיקין/קרן אורה על הוריות.txt,Dicta,186
קרן אורה על מעילה.txt,אוצריא/תלמוד בבלי/אחרונים/קרן אורה/סדר קדשים/קרן אורה על מעילה.txt,Dicta,348
קרן אורה על זבחים.txt,אוצריא/תלמוד בבלי/אחרונים/קרן אורה/סדר קדשים/קרן אורה על זבחים.txt,Dicta,1264
קרן אורה על מנחות.txt,אוצריא/תלמוד בבלי/אחרונים/קרן אורה/סדר קדשים/קרן אורה על מנחות.txt,Dicta,836
קרן אורה דיני טריפות על מסכת חולין.txt,אוצריא/תלמוד בבלי/אחרונים/קרן אורה/סדר קדשים/קרן אורה דיני טריפות על מסכת חולין.txt,Dicta,49
קרן אורה על ברכות.txt,אוצריא/תלמוד בבלי/אחרונים/קרן אורה/סדר זרעים/קרן אורה על ברכות.txt,Dicta,141
קרן אורה על מועד קטן.txt,אוצריא/תלמוד בבלי/אחרונים/קרן אורה/סדר מועד/קרן אורה על מועד קטן.txt,Dicta,319
קרן אורה על שבת.txt,אוצריא/תלמוד בבלי/אחרונים/קרן אורה/סדר מועד/קרן אורה על שבת.txt,Dicta,176
קרן אורה על עירובין.txt,אוצריא/תלמוד בבלי/אחרונים/קרן אורה/סדר מועד/קרן אורה על עירובין.txt,Dicta,618
קרן אורה על תענית.txt,אוצריא/תלמוד בבלי/אחרונים/קרן אורה/סדר מועד/קרן אורה על תענית.txt,Dicta,231
ערוך לנר על יבמות.txt,אוצריא/תלמוד בבלי/אחרונים/ערוך לנר/סדר נשים/ערוך לנר על יבמות.txt,Dicta,3369
אור הישר על נדה.txt,אוצריא/תלמוד בבלי/אחרונים/אור הישר/סדר טהרות/אור הישר על נדה.txt,Dicta,846
אור הישר על יבמות.txt,אוצריא/תלמוד בבלי/אחרונים/אור הישר/סדר נשים/אור הישר על יבמות.txt,Dicta,1468
אור הישר על גיטין.txt,אוצריא/תלמוד בבלי/אחרונים/אור הישר/סדר נשים/אור הישר על גיטין.txt,Dicta,1212
אור הישר על כתובות.txt,אוצריא/תלמוד בבלי/אחרונים/אור הישר/סדר נשים/אור הישר על כתובות.txt,Dicta,1431
אור הישר על נדרים.txt,אוצריא/תלמוד בבלי/אחרונים/אור הישר/סדר נשים/אור הישר על נדרים.txt,Dicta,703
אור הישר על נזיר.txt,אוצריא/תלמוד בבלי/אחרונים/אור הישר/סדר נשים/אור הישר על נזיר.txt,Dicta,432
אור הישר על סוטה.txt,אוצריא/תלמוד בבלי/אחרונים/אור הישר/סדר נשים/אור הישר על סוטה.txt,Dicta,410
אור הישר על קידושין.txt,אוצריא/תלמוד בבלי/אחרונים/אור הישר/סדר נשים/אור הישר על קידושין.txt,Dicta,1093
אור הישר על מסכת מזוזה.txt,אוצריא/תלמוד בבלי/אחרונים/אור הישר/מסכתות קטנות/אור הישר על מסכת מזוזה.txt,Dicta,5
אור הישר על מסכת ספר תורה.txt,אוצריא/תלמוד בבלי/אחרונים/אור הישר/מסכתות קטנות/אור הישר על מסכת ספר תורה.txt,Dicta,13
אור הישר על מסכת תפילין.txt,אוצריא/תלמוד בבלי/אחרונים/אור הישר/מסכתות קטנות/אור הישר על מסכת תפילין.txt,Dicta,5
אור הישר על אבות דרבי נתן.txt,אוצריא/תלמוד בבלי/אחרונים/אור הישר/מסכתות קטנות/אור הישר על אבות דרבי נתן.txt,Dicta,97
אור הישר על מסכת גרים.txt,אוצריא/תלמוד בבלי/אחרונים/אור הישר/מסכתות קטנות/אור הישר על מסכת גרים.txt,Dicta,16
אור הישר על מסכת דרך ארץ רבה.txt,אוצריא/תלמוד בבלי/אחרונים/אור הישר/מסכתות קטנות/אור הישר על מסכת דרך ארץ רבה.txt,Dicta,29
אור הישר על מסכת כלה רבתי.txt,אוצריא/תלמוד בבלי/אחרונים/אור הישר/מסכתות קטנות/אור הישר על מסכת כלה רבתי.txt,Dicta,29
אור הישר על מסכת דרך ארץ זוטא.txt,אוצריא/תלמוד בבלי/אחרונים/אור הישר/מסכתות קטנות/אור הישר על מסכת דרך ארץ זוטא.txt,Dicta,28
אור הישר על מסכת סופרים.txt,אוצריא/תלמוד בבלי/אחרונים/אור הישר/מסכתות קטנות/אור הישר על מסכת סופרים.txt,Dicta,72
אור הישר על מסכת ציצית.txt,אוצריא/תלמוד בבלי/אחרונים/אור הישר/מסכתות קטנות/אור הישר על מסכת ציצית.txt,Dicta,6
אור הישר על מסכת כותים.txt,אוצריא/תלמוד בבלי/אחרונים/אור הישר/מסכתות קטנות/אור הישר על מסכת כותים.txt,Dicta,7
אור הישר על מסכת עבדים.txt,אוצריא/תלמוד בבלי/אחרונים/אור הישר/מסכתות קטנות/אור הישר על מסכת עבדים.txt,Dicta,12
אור הישר על מסכת כלה.txt,אוצריא/תלמוד בבלי/אחרונים/אור הישר/מסכתות קטנות/אור הישר על מסכת כלה.txt,Dicta,6
אור הישר על מסכת שמחות.txt,אוצריא/תלמוד בבלי/אחרונים/אור הישר/מסכתות קטנות/אור הישר על מסכת שמחות.txt,Dicta,43
אור הישר על עבודה זרה.txt,אוצריא/תלמוד בבלי/אחרונים/אור הישר/סדר נזיקין/אור הישר על עבודה זרה.txt,Dicta,776
אור הישר על בבא בתרא.txt,אוצריא/תלמוד בבלי/אחרונים/אור הישר/סדר נזיקין/אור הישר על בבא בתרא.txt,Dicta,1576
אור הישר על בבא קמא.txt,אוצריא/תלמוד בבלי/אחרונים/אור הישר/סדר נזיקין/אור הישר על בבא קמא.txt,Dicta,1314
אור הישר על שבועות.txt,אוצריא/תלמוד בבלי/אחרונים/אור הישר/סדר נזיקין/אור הישר על שבועות.txt,Dicta,593
אור הישר על מכות.txt,אוצריא/תלמוד בבלי/אחרונים/אור הישר/סדר נזיקין/אור הישר על מכות.txt,Dicta,337
אור הישר על הוריות.txt,אוצריא/תלמוד בבלי/אחרונים/אור הישר/סדר נזיקין/אור הישר על הוריות.txt,Dicta,146
אור הישר על סנהדרין.txt,אוצריא/תלמוד בבלי/אחרונים/אור הישר/סדר נזיקין/אור הישר על סנהדרין.txt,Dicta,1370
אור הישר על בבא מציעא.txt,אוצריא/תלמוד בבלי/אחרונים/אור הישר/סדר נזיקין/אור הישר על בבא מציעא.txt,Dicta,1176
אור הישר על משנה אבות.txt,אוצריא/תלמוד בבלי/אחרונים/אור הישר/סדר נזיקין/אור הישר על משנה אבות.txt,Dicta,261
אור הישר על משנה עדיות.txt,אוצריא/תלמוד בבלי/אחרונים/אור הישר/סדר נזיקין/אור הישר על משנה עדיות.txt,Dicta,182
אור הישר על זבחים.txt,אוצריא/תלמוד בבלי/אחרונים/אור הישר/סדר קדשים/אור הישר על זבחים.txt,Dicta,3523
אור הישר על חולין.txt,אוצריא/תלמוד בבלי/אחרונים/אור הישר/סדר קדשים/אור הישר על חולין.txt,Dicta,4950
אור הישר על בכורות.txt,אוצריא/תלמוד בבלי/אחרונים/אור הישר/סדר קדשים/אור הישר על בכורות.txt,Dicta,1069
חמדת שלמה על זבחים.txt,אוצריא/תלמוד בבלי/אחרונים/חמדת שלמה/חמדת שלמה על זבחים.txt,Dicta,6
חמדת שלמה העתק מדרשה לשבת שובה.txt,אוצריא/תלמוד בבלי/אחרונים/חמדת שלמה/חמדת שלמה העתק מדרשה לשבת שובה.txt,Dicta,45
חמדת שלמה על קידושין.txt,אוצריא/תלמוד בבלי/אחרונים/חמדת שלמה/חמדת שלמה על קידושין.txt,Dicta,423
חמדת שלמה על גיטין.txt,אוצריא/תלמוד בבלי/אחרונים/חמדת שלמה/חמדת שלמה על גיטין.txt,Dicta,369
חמדת שלמה על בבא מציעא.txt,אוצריא/תלמוד בבלי/אחרונים/חמדת שלמה/חמדת שלמה על בבא מציעא.txt,Dicta,431
חמדת שלמה על כתובות.txt,אוצריא/תלמוד בבלי/אחרונים/חמדת שלמה/חמדת שלמה על כתובות.txt,Dicta,782
חמדת שלמה על ביצה.txt,אוצריא/תלמוד בבלי/אחרונים/חמדת שלמה/חמדת שלמה על ביצה.txt,Dicta,42
חמדת שלמה על יומא.txt,אוצריא/תלמוד בבלי/אחרונים/חמדת שלמה/חמדת שלמה על יומא.txt,Dicta,42
חמדת שלמה על ראש השנה.txt,אוצריא/תלמוד בבלי/אחרונים/חמדת שלמה/חמדת שלמה על ראש השנה.txt,Dicta,10
חמדת שלמה על פסחים.txt,אוצריא/תלמוד בבלי/אחרונים/חמדת שלמה/חמדת שלמה על פסחים.txt,Dicta,123
חמדת שלמה על שבת.txt,אוצריא/תלמוד בבלי/אחרונים/חמדת שלמה/חמדת שלמה על שבת.txt,Dicta,24
חמדת שלמה על יבמות.txt,אוצריא/תלמוד בבלי/אחרונים/חמדת שלמה/חמדת שלמה על יבמות.txt,Dicta,373
משמרות כהונה חלק א.txt,אוצריא/תלמוד בבלי/אחרונים/משמרות כהונה/משמרות כהונה חלק א.txt,Dicta,5633
משמרות כהונה חלק ג.txt,אוצריא/תלמוד בבלי/אחרונים/משמרות כהונה/משמרות כהונה חלק ג.txt,Dicta,5295
משמרות כהונה על סדר נזיקין.txt,אוצריא/תלמוד בבלי/אחרונים/משמרות כהונה/משמרות כהונה על סדר נזיקין.txt,Dicta,3462
נזר הקודש - חולין.txt,אוצריא/תלמוד בבלי/אחרונים/נזר הקודש/נזר הקודש - חולין.txt,Dicta,3123
נזר הקודש - נדה.txt,אוצריא/תלמוד בבלי/אחרונים/נזר הקודש/נזר הקודש - נדה.txt,Dicta,1105
נזר הקודש - בכורות.txt,אוצריא/תלמוד בבלי/אחרונים/נזר הקודש/נזר הקודש - בכורות.txt,Dicta,92
נזר הקודש - יומא.txt,אוצריא/תלמוד בבלי/אחרונים/נזר הקודש/נזר הקודש - יומא.txt,Dicta,970
נזר הקודש - מנחות.txt,אוצריא/תלמוד בבלי/אחרונים/נזר הקודש/נזר הקודש - מנחות.txt,Dicta,75
נזר הקודש - תמיד.txt,אוצריא/תלמוד בבלי/אחרונים/נזר הקודש/נזר הקודש - תמיד.txt,Dicta,166
נזר הקודש - זבחים.txt,אוצריא/תלמוד בבלי/אחרונים/נזר הקודש/נזר הקודש - זבחים.txt,Dicta,91
נזר הקודש - מעילה.txt,אוצריא/תלמוד בבלי/אחרונים/נזר הקודש/נזר הקודש - מעילה.txt,Dicta,700
באר שבע הקדמה.txt,אוצריא/תלמוד בבלי/אחרונים/באר שבע/באר שבע הקדמה.txt,Dicta,10
ספר ילקוט הרועים.txt,אוצריא/תלמוד בבלי/כללי הש״ס/ספר ילקוט הרועים.txt,Dicta,3565
זה הכלל.txt,אוצריא/תלמוד בבלי/כללי הש״ס/זה הכלל.txt,Dicta,217
דרך חוקיך.txt,אוצריא/חסידות/דרך חוקיך.txt,Dicta,2082
עמודיה שבעה.txt,אוצריא/חסידות/ספרי חסידות נוספים/עמודיה שבעה.txt,Dicta,111
דרכי צדק.txt,אוצריא/חסידות/ספרי חסידות נוספים/דרכי צדק.txt,Dicta,245
אשכולות הגפן.txt,אוצריא/חסידות/ספרי חסידות נוספים/אשכולות הגפן.txt,Dicta,406
מגן אבות חלק ב.txt,אוצריא/חסידות/ספרי חסידות נוספים/מגן אבות חלק ב.txt,Dicta,681
מנחם ציון.txt,אוצריא/חסידות/ספרי חסידות נוספים/מנחם ציון.txt,Dicta,192
עמוד העבודה.txt,אוצריא/חסידות/ספרי חסידות נוספים/עמוד העבודה.txt,Dicta,657
גנזי יוסף.txt,אוצריא/חסידות/ספרי חסידות נוספים/גנזי יוסף.txt,Dicta,6127
עטרת מנחם.txt,אוצריא/חסידות/ספרי חסידות נוספים/עטרת מנחם.txt,Dicta,285
אמרי צדיקים.txt,אוצריא/חסידות/ספרי חסידות נוספים/אמרי צדיקים.txt,Dicta,553
מגן אבות חלק א.txt,אוצריא/חסידות/ספרי חסידות נוספים/מגן אבות חלק א.txt,Dicta,938
קהלת משה.txt,אוצריא/חסידות/ספרי חסידות נוספים/קהלת משה.txt,Dicta,706
תורת אמת.txt,אוצריא/חסידות/ספרי חסידות נוספים/תורת אמת.txt,Dicta,232
ספר הזכרונות.txt,אוצריא/חסידות/ר' צדוק הכוהן/ספר הזכרונות.txt,Dicta,47
ברית שלום על הגדה של פסח.txt,אוצריא/סדר התפילה/הגדה/מפרשים/ברית שלום על הגדה של פסח.txt,Dicta,23
ישמח משה על תפלות יוט וליקוטים.txt,אוצריא/סדר התפילה/מפרשים/ישמח משה על תפלות יוט וליקוטים.txt,Dicta,394
מהרם שיק תריג מצות חלק א.txt,אוצריא/הלכה/ספרי מצוות/מהרם שיק תריג מצות חלק א.txt,Dicta,1420
אלה המצות.txt,אוצריא/הלכה/ספרי מצוות/אלה המצות.txt,Dicta,2114
מהרם שיק תריג מצות חלק ב.txt,אוצריא/הלכה/ספרי מצוות/מהרם שיק תריג מצות חלק ב.txt,Dicta,1783
כפי אהרן על טור אורח חיים.txt,אוצריא/הלכה/טור/מפרשים/כפי אהרן על טור אורח חיים.txt,Dicta,72
כפי אהרן על טור חושן משפט.txt,אוצריא/הלכה/טור/מפרשים/כפי אהרן על טור חושן משפט.txt,Dicta,14
ישמח משה על טור ושולחן ערוך.txt,אוצריא/הלכה/שולחן ערוך/מפרשים/ישמח משה על טור ושולחן ערוך.txt,Dicta,78
ילקוט הגרשוני אורח חיים ב.txt,אוצריא/הלכה/שולחן ערוך/מפרשים/ילקוט הגרשוני אורח חיים ב.txt,Dicta,1209
ערך השולחן חושן משפט חלק ב.txt,אוצריא/הלכה/שולחן ערוך/מפרשים/ערך השולחן חושן משפט חלק ב.txt,Dicta,1064
המקנה - קונטרס אחרון.txt,אוצריא/הלכה/שולחן ערוך/מפרשים/המקנה - קונטרס אחרון.txt,Dicta,846
ערך השולחן אבן העזר.txt,אוצריא/הלכה/שולחן ערוך/מפרשים/ערך השולחן אבן העזר.txt,Dicta,912
חמודי דניאל.txt,אוצריא/הלכה/שולחן ערוך/מפרשים/חמודי דניאל.txt,Dicta,423
פעמוני זהב .txt,אוצריא/הלכה/שולחן ערוך/מפרשים/פעמוני זהב .txt,Dicta,3034
הליכות אליהו על השולחן ערוך.txt,אוצריא/הלכה/שולחן ערוך/מפרשים/הליכות אליהו על השולחן ערוך.txt,Dicta,1059
דעת תורה על שולחן ערוך יוד חלק א.txt,אוצריא/הלכה/שולחן ערוך/מפרשים/דעת תורה על שולחן ערוך יוד חלק א.txt,Dicta,1531
דבר המלוכה.txt,אוצריא/הלכה/שולחן ערוך/מפרשים/דבר המלוכה.txt,Dicta,871
דברי צבי.txt,אוצריא/הלכה/שולחן ערוך/מפרשים/דברי צבי.txt,Dicta,2414
אבני החושן חלק א.txt,אוצריא/הלכה/שולחן ערוך/מפרשים/אבני החושן חלק א.txt,Dicta,1353
אלפי מנשה חושן משפט.txt,אוצריא/הלכה/שולחן ערוך/מפרשים/אלפי מנשה חושן משפט.txt,Dicta,643
ברכת יהונתן.txt,אוצריא/הלכה/שולחן ערוך/מפרשים/ברכת יהונתן.txt,Dicta,213
הפלאה - קונטרס אחרון (הלכות כתובות).txt,אוצריא/הלכה/שולחן ערוך/מפרשים/הפלאה - קונטרס אחרון (הלכות כתובות).txt,Dicta,1278
ראשון לציון על שולחן ערוך יורה דעה.txt,אוצריא/הלכה/שולחן ערוך/מפרשים/ראשון לציון על שולחן ערוך יורה דעה.txt,Dicta,344
יד אליעזר חלק א.txt,אוצריא/הלכה/שולחן ערוך/מפרשים/יד אליעזר חלק א.txt,Dicta,1292
נחל יצחק חלק ב.txt,אוצריא/הלכה/שולחן ערוך/מפרשים/נחל יצחק חלק ב.txt,Dicta,2712
קהלת יעקב (ליסא).txt,אוצריא/הלכה/שולחן ערוך/מפרשים/קהלת יעקב (ליסא).txt,Dicta,481
עיקרי הדט יורה דעה.txt,אוצריא/הלכה/שולחן ערוך/מפרשים/עיקרי הדט יורה דעה.txt,Dicta,1131
שלמי תודה (שוע).txt,אוצריא/הלכה/שולחן ערוך/מפרשים/שלמי תודה (שוע).txt,Dicta,377
חופת חתנים.txt,אוצריא/הלכה/שולחן ערוך/מפרשים/חופת חתנים.txt,Dicta,525
נחל יצחק חלק א.txt,אוצריא/הלכה/שולחן ערוך/מפרשים/נחל יצחק חלק א.txt,Dicta,2392
דברי שאול חלק לשבעה.txt,אוצריא/הלכה/שולחן ערוך/מפרשים/דברי שאול חלק לשבעה.txt,Dicta,433
חידושי מהראך חלק א.txt,אוצריא/הלכה/שולחן ערוך/מפרשים/חידושי מהראך חלק א.txt,Dicta,1161
כתבי קודש על השולחן ערוך.txt,אוצריא/הלכה/שולחן ערוך/מפרשים/כתבי קודש על השולחן ערוך.txt,Dicta,41
שלחנו של אברהם.txt,אוצריא/הלכה/שולחן ערוך/מפרשים/שלחנו של אברהם.txt,Dicta,1904
אברהם יגל (על השולחן ערוך).txt,אוצריא/הלכה/שולחן ערוך/מפרשים/אברהם יגל (על השולחן ערוך).txt,Dicta,377
ערך השולחן חושן משפט חלק ג.txt,אוצריא/הלכה/שולחן ערוך/מפרשים/ערך השולחן חושן משפט חלק ג.txt,Dicta,1572
בקע לגולגולת (שוך).txt,אוצריא/הלכה/שולחן ערוך/מפרשים/בקע לגולגולת (שוך).txt,Dicta,15
חידושי מהראך חלק ב.txt,אוצריא/הלכה/שולחן ערוך/מפרשים/חידושי מהראך חלק ב.txt,Dicta,1004
טיב קידושין.txt,אוצריא/הלכה/שולחן ערוך/מפרשים/טיב קידושין.txt,Dicta,1179
אוצרות יוסף יורה דעה.txt,אוצריא/הלכה/שולחן ערוך/מפרשים/אוצרות יוסף יורה דעה.txt,Dicta,391
חידושי אנשי שם.txt,אוצריא/הלכה/שולחן ערוך/מפרשים/חידושי אנשי שם.txt,Dicta,863
חידושי מהריו וידקר.txt,אוצריא/הלכה/שולחן ערוך/מפרשים/חידושי מהריו וידקר.txt,Dicta,1651
אגלי טל.txt,אוצריא/הלכה/שולחן ערוך/מפרשים/אגלי טל.txt,Dicta,2390
גחלי אש.txt,אוצריא/הלכה/שולחן ערוך/מפרשים/גחלי אש.txt,Dicta,509
שות באר מרדכי.txt,אוצריא/הלכה/שולחן ערוך/מפרשים/שות באר מרדכי.txt,Dicta,4380
מטה יהונתן על שולחן ערוך אורח חיים.txt,אוצריא/הלכה/שולחן ערוך/מפרשים/מטה יהונתן על שולחן ערוך אורח חיים.txt,Dicta,178
סדרי טהרה.txt,אוצריא/הלכה/שולחן ערוך/מפרשים/סדרי טהרה.txt,Dicta,1270
חידושי מהראל על שחיטה וטריפות.txt,אוצריא/הלכה/שולחן ערוך/מפרשים/חידושי מהראל על שחיטה וטריפות.txt,Dicta,1452
ילקוט הגרשוני אורח חיים א.txt,אוצריא/הלכה/שולחן ערוך/מפרשים/ילקוט הגרשוני אורח חיים א.txt,Dicta,1203
משכן העדות.txt,אוצריא/הלכה/שולחן ערוך/מפרשים/משכן העדות.txt,Dicta,1357
קונטרס הספקות.txt,אוצריא/הלכה/שולחן ערוך/מפרשים/קונטרס הספקות.txt,Dicta,278
יד אליעזר חלק ב.txt,אוצריא/הלכה/שולחן ערוך/מפרשים/יד אליעזר חלק ב.txt,Dicta,1470
בית יעקב (טבשונסקי).txt,אוצריא/הלכה/שולחן ערוך/מפרשים/בית יעקב (טבשונסקי).txt,Dicta,1964
אבני מילואים א -ב.txt,אוצריא/הלכה/שולחן ערוך/מפרשים/אבני מילואים א -ב.txt,Dicta,2513
אורח משפט.txt,אוצריא/הלכה/שולחן ערוך/מפרשים/אורח משפט.txt,Dicta,2249
דברי התורה.txt,אוצריא/הלכה/שולחן ערוך/מפרשים/דברי התורה.txt,Dicta,899
דברי גאונים.txt,אוצריא/הלכה/שולחן ערוך/מפרשים/דברי גאונים.txt,Dicta,3596
משובב נתיבות על שולחן ערוך חושן משפט.txt,אוצריא/הלכה/שולחן ערוך/מפרשים/קצות החושן/משובב נתיבות על שולחן ערוך חושן משפט.txt,Dicta,500
דרכי תשובה - ד.txt,אוצריא/הלכה/שולחן ערוך/מפרשים/דרכי תשובה/דרכי תשובה - ד.txt,Dicta,2722
דרכי תשובה - ב.txt,אוצריא/הלכה/שולחן ערוך/מפרשים/דרכי תשובה/דרכי תשובה - ב.txt,Dicta,4520
דרכי תשובה - א.txt,אוצריא/הלכה/שולחן ערוך/מפרשים/דרכי תשובה/דרכי תשובה - א.txt,Dicta,2136
דרכי תשובה - ג.txt,אוצריא/הלכה/שולחן ערוך/מפרשים/דרכי תשובה/דרכי תשובה - ג.txt,Dicta,2206
בית מאיר על שולחן ערוך אורח חיים.txt,אוצריא/הלכה/שולחן ערוך/מפרשים/בית מאיר/בית מאיר על שולחן ערוך אורח חיים.txt,Dicta,1947
בית מאיר על שולחן ערוך יורה דעה.txt,אוצריא/הלכה/שולחן ערוך/מפרשים/בית מאיר/בית מאיר על שולחן ערוך יורה דעה.txt,Dicta,2113
עט סופר חלק ד.txt,אוצריא/הלכה/שולחן ערוך/מפרשים/עט סופר/עט סופר חלק ד.txt,Dicta,1375
עט סופר חלק א.txt,אוצריא/הלכה/שולחן ערוך/מפרשים/עט סופר/עט סופר חלק א.txt,Dicta,1205
עט סופר חלק ג.txt,אוצריא/הלכה/שולחן ערוך/מפרשים/עט סופר/עט סופר חלק ג.txt,Dicta,1512
חידושי הרימ על שולחן ערוך חושן משפט חלק א.txt,אוצריא/הלכה/שולחן ערוך/מפרשים/חידושי הרימ/חידושי הרימ על שולחן ערוך חושן משפט חלק א.txt,Dicta,2002
חידושי הרימ על שולחן ערוך חושן משפט חלק ב.txt,אוצריא/הלכה/שולחן ערוך/מפרשים/חידושי הרימ/חידושי הרימ על שולחן ערוך חושן משפט חלק ב.txt,Dicta,1557
חידושי הרימ על שולחן ערוך אבן העזר.txt,אוצריא/הלכה/שולחן ערוך/מפרשים/חידושי הרימ/חידושי הרימ על שולחן ערוך אבן העזר.txt,Dicta,1865
אמרי בינה אורח חיים.txt,אוצריא/הלכה/שולחן ערוך/מפרשים/אמרי בינה/אמרי בינה אורח חיים.txt,Dicta,870
אמרי בינה חושן משפט.txt,אוצריא/הלכה/שולחן ערוך/מפרשים/אמרי בינה/אמרי בינה חושן משפט.txt,Dicta,2577
אמרי בינה יורה דעה.txt,אוצריא/הלכה/שולחן ערוך/מפרשים/אמרי בינה/אמרי בינה יורה דעה.txt,Dicta,964
מקור חיים - ד (טור יהלם).txt,אוצריא/הלכה/שולחן ערוך/מפרשים/מקור חיים/מקור חיים - ד (טור יהלם).txt,Dicta,207
מקור חיים - ב (טור פטדה חלק ב).txt,אוצריא/הלכה/שולחן ערוך/מפרשים/מקור חיים/מקור חיים - ב (טור פטדה חלק ב).txt,Dicta,369
מקור חיים - ג (טור ברקת חלק ג).txt,אוצריא/הלכה/שולחן ערוך/מפרשים/מקור חיים/מקור חיים - ג (טור ברקת חלק ג).txt,Dicta,454
מקור חיים - ב (טור פטדה חלק א).txt,אוצריא/הלכה/שולחן ערוך/מפרשים/מקור חיים/מקור חיים - ב (טור פטדה חלק א).txt,Dicta,611
מקור חיים - א.txt,אוצריא/הלכה/שולחן ערוך/מפרשים/מקור חיים/מקור חיים - א.txt,Dicta,378
מקור חיים - ג (טור ברקת חלק א).txt,אוצריא/הלכה/שולחן ערוך/מפרשים/מקור חיים/מקור חיים - ג (טור ברקת חלק א).txt,Dicta,438
מקור חיים - ג (טור ברקת חלק ב).txt,אוצריא/הלכה/שולחן ערוך/מפרשים/מקור חיים/מקור חיים - ג (טור ברקת חלק ב).txt,Dicta,738
חבל יוסף (חוקי העזרה).txt,אוצריא/הלכה/שולחן ערוך/מפרשים/חבל יוסף/חבל יוסף (חוקי העזרה).txt,Dicta,308
חבל יוסף (חדרי דעה).txt,אוצריא/הלכה/שולחן ערוך/מפרשים/חבל יוסף/חבל יוסף (חדרי דעה).txt,Dicta,1768
חבל יוסף (אולם המשפט) חלק ב.txt,אוצריא/הלכה/שולחן ערוך/מפרשים/חבל יוסף/חבל יוסף (אולם המשפט) חלק ב.txt,Dicta,1619
תפארת יעקב יורה דעה שחיטה וטריפות.txt,אוצריא/הלכה/שולחן ערוך/מפרשים/תפארת יעקב/תפארת יעקב יורה דעה שחיטה וטריפות.txt,Dicta,1697
תפארת יעקב אבן העזר גיטין.txt,אוצריא/הלכה/שולחן ערוך/מפרשים/תפארת יעקב/תפארת יעקב אבן העזר גיטין.txt,Dicta,1676
תפארת יעקב חושן משפט חלק א.txt,אוצריא/הלכה/שולחן ערוך/מפרשים/תפארת יעקב/תפארת יעקב חושן משפט חלק א.txt,Dicta,1381
תפארת יעקב חושן משפט חלק ב.txt,אוצריא/הלכה/שולחן ערוך/מפרשים/תפארת יעקב/תפארת יעקב חושן משפט חלק ב.txt,Dicta,758
תפארת יעקב אבן העזר קידושין.txt,אוצריא/הלכה/שולחן ערוך/מפרשים/תפארת יעקב/תפארת יעקב אבן העזר קידושין.txt,Dicta,1324
כסף נבחר חלק ב.txt,אוצריא/הלכה/שולחן ערוך/מפרשים/כסף נבחר/כסף נבחר חלק ב.txt,Dicta,531
כסף נבחר חלק ג.txt,אוצריא/הלכה/שולחן ערוך/מפרשים/כסף נבחר/כסף נבחר חלק ג.txt,Dicta,556
כסף נבחר חלק א.txt,אוצריא/הלכה/שולחן ערוך/מפרשים/כסף נבחר/כסף נבחר חלק א.txt,Dicta,628
מקדש דוד חלק ב.txt,אוצריא/הלכה/מערכות ועניינים/מקדש דוד חלק ב.txt,Dicta,757
לקח טוב.txt,אוצריא/הלכה/מערכות ועניינים/לקח טוב.txt,Dicta,784
אמר שומר.txt,אוצריא/הלכה/מערכות ועניינים/אמר שומר.txt,Dicta,142
תקפו כהן.txt,אוצריא/הלכה/מערכות ועניינים/תקפו כהן.txt,Dicta,393
שערי ישר חלק א - ב.txt,אוצריא/הלכה/מערכות ועניינים/שערי ישר חלק א - ב.txt,Dicta,1680
פורת יוסף (שלופר).txt,אוצריא/הלכה/מערכות ועניינים/פורת יוסף (שלופר).txt,Dicta,918
ברוך טעם.txt,אוצריא/הלכה/מערכות ועניינים/ברוך טעם.txt,Dicta,931
באר מים חיים (נוסינזון).txt,אוצריא/הלכה/מערכות ועניינים/באר מים חיים (נוסינזון).txt,Dicta,1282
ציונים לתורה.txt,אוצריא/הלכה/מערכות ועניינים/ציונים לתורה.txt,Dicta,824
גבורת יהונתן.txt,אוצריא/הלכה/מערכות ועניינים/גבורת יהונתן.txt,Dicta,432
מקדש דוד חלק א.txt,אוצריא/הלכה/מערכות ועניינים/מקדש דוד חלק א.txt,Dicta,807
למודי ד.txt,אוצריא/הלכה/מערכות ועניינים/למודי ד.txt,Dicta,1277
מקדש דוד חלק ג.txt,אוצריא/הלכה/מערכות ועניינים/מקדש דוד חלק ג.txt,Dicta,737
בית האוצר חלק ב.txt,אוצריא/הלכה/מערכות ועניינים/בית האוצר חלק ב.txt,Dicta,418
ספר זרע אברהם (לופטביר).txt,אוצריא/הלכה/מערכות ועניינים/ספר זרע אברהם (לופטביר).txt,Dicta,1670
גזע ישי.txt,אוצריא/הלכה/מערכות ועניינים/גזע ישי.txt,Dicta,1555
דרך פקודיך.txt,אוצריא/הלכה/מערכות ועניינים/דרך פקודיך.txt,Dicta,1627
בית אבא.txt,אוצריא/הלכה/מערכות ועניינים/בית אבא.txt,Dicta,336
אתוון דאורייתא.txt,אוצריא/הלכה/מערכות ועניינים/אתוון דאורייתא.txt,Dicta,541
בית האוצר חלק א.txt,אוצריא/הלכה/מערכות ועניינים/בית האוצר חלק א.txt,Dicta,1819
אפיקי ים חלק א.txt,אוצריא/הלכה/מערכות ועניינים/אפיקי ים חלק א.txt,Dicta,1247
מקדש דוד חלק ד.txt,אוצריא/הלכה/מערכות ועניינים/מקדש דוד חלק ד.txt,Dicta,671
ונגש הכהן.txt,אוצריא/הלכה/מערכות ועניינים/ונגש הכהן.txt,Dicta,692
בכורי יוסף.txt,אוצריא/הלכה/מערכות ועניינים/בכורי יוסף.txt,Dicta,347
אמרי משה.txt,אוצריא/הלכה/מערכות ועניינים/אמרי משה.txt,Dicta,1758
ספר בית נאמן.txt,אוצריא/הלכה/מערכות ועניינים/ספר בית נאמן.txt,Dicta,477
בית יצחק - דיני ברירה.txt,אוצריא/הלכה/מערכות ועניינים/בית יצחק/בית יצחק - דיני ברירה.txt,Dicta,595
בית יצחק - שערי קבוע וספקות.txt,אוצריא/הלכה/מערכות ועניינים/בית יצחק/בית יצחק - שערי קבוע וספקות.txt,Dicta,1306
מהריל (מנהגים).txt,אוצריא/הלכה/ראשונים/מהריל (מנהגים).txt,Dicta,1762
הלכות ברכות להריטבא.txt,אוצריא/הלכה/ראשונים/הלכות ברכות להריטבא.txt,Dicta,386
ספר לו שערים.txt,אוצריא/הלכה/ראשונים/ספר לו שערים.txt,Dicta,135
הרוקח.txt,אוצריא/הלכה/ראשונים/הרוקח.txt,Dicta,1250
ספר העיטור.txt,אוצריא/הלכה/ראשונים/ספר העיטור.txt,Dicta,780
יד יצחק - א.txt,אוצריא/הלכה/משנה תורה/מפרשים/יד יצחק - א.txt,Dicta,161
אוצר המלך על הקדמת הרמבם.txt,אוצריא/הלכה/משנה תורה/מפרשים/אוצר המלך על הקדמת הרמבם.txt,Dicta,8
משנה למלך אחרון (הרמבם).txt,אוצריא/הלכה/משנה תורה/מפרשים/משנה למלך אחרון (הרמבם).txt,Dicta,113
קדושת יום טוב (ליפמן).txt,אוצריא/הלכה/משנה תורה/מפרשים/קדושת יום טוב (ליפמן).txt,Dicta,560
שות שמחת החג.txt,אוצריא/הלכה/משנה תורה/מפרשים/שות שמחת החג.txt,Dicta,4292
מחנה אפרים חלק א - ב.txt,אוצריא/הלכה/משנה תורה/מפרשים/מחנה אפרים חלק א - ב.txt,Dicta,2621
פתח הבית על משנה תורה הלכות תמידין ומוספין.txt,אוצריא/הלכה/משנה תורה/מפרשים/פתח הבית/פתח הבית על משנה תורה הלכות תמידין ומוספין.txt,Dicta,86
פתח הבית על משנה תורה הלכות עבודת יום הכיפורים.txt,אוצריא/הלכה/משנה תורה/מפרשים/פתח הבית/פתח הבית על משנה תורה הלכות עבודת יום הכיפורים.txt,Dicta,96
פתח הבית על משנה תורה הלכות חגיגה.txt,אוצריא/הלכה/משנה תורה/מפרשים/פתח הבית/פתח הבית על משנה תורה הלכות חגיגה.txt,Dicta,92
פתח הבית על משנה תורה הלכות קרבן פסח.txt,אוצריא/הלכה/משנה תורה/מפרשים/פתח הבית/פתח הבית על משנה תורה הלכות קרבן פסח.txt,Dicta,262
סדר ברכות.txt,אוצריא/הלכה/אחרונים/סדר ברכות.txt,Dicta,94
עיני הכהן.txt,אוצריא/הלכה/אחרונים/עיני הכהן.txt,Dicta,1158
פתח האוהל.txt,אוצריא/הלכה/אחרונים/פתח האוהל.txt,Dicta,1521
לדוד אמת.txt,אוצריא/הלכה/אחרונים/לדוד אמת.txt,Dicta,760
מחנה ישראל.txt,אוצריא/הלכה/אחרונים/מחנה ישראל.txt,Dicta,563
טיב גיטין (מודעי).txt,אוצריא/הלכה/אחרונים/טיב גיטין (מודעי).txt,Dicta,145
זכרו תורת משה.txt,אוצריא/הלכה/אחרונים/זכרו תורת משה.txt,Dicta,406
מטה משה.txt,אוצריא/הלכה/אחרונים/מטה משה.txt,Dicta,2966
דרך החיים.txt,אוצריא/הלכה/אחרונים/דרך החיים.txt,Dicta,2440
מקורי מנהגים.txt,אוצריא/הלכה/אחרונים/מקורי מנהגים.txt,Dicta,141
פועל צדק.txt,אוצריא/הלכה/אחרונים/פועל צדק.txt,Dicta,1164
נאות יעקב חלק ב.txt,אוצריא/הלכה/אחרונים/נאות יעקב חלק ב.txt,Dicta,598
ליקוטי מהריח חלק א.txt,אוצריא/הלכה/אחרונים/ליקוטי מהריח חלק א.txt,Dicta,862
חידוד הלכה.txt,אוצריא/הלכה/אחרונים/חידוד הלכה.txt,Dicta,400
אב בחכמה.txt,אוצריא/הלכה/מחברי זמננו/אב בחכמה.txt,Dicta,471
שער השמים.txt,אוצריא/ספרות עזר/חכמת הטבע והתכונה/שער השמים.txt,Dicta,580
קהלת יעקב - ב.txt,אוצריא/ספרות עזר/אנציקלופדיות/קהלת יעקב - ב.txt,Dicta,3332
ספר משכנות הרועים.txt,אוצריא/ספרות עזר/אנציקלופדיות/ספר משכנות הרועים.txt,Dicta,5208
שדי חמד קונטרס כללי הפוסקים.txt,אוצריא/ספרות עזר/אנציקלופדיות/שדי חמד/שדי חמד קונטרס כללי הפוסקים.txt,Dicta,933
שדי חמד דברי חכמים.txt,אוצריא/ספרות עזר/אנציקלופדיות/שדי חמד/שדי חמד דברי חכמים.txt,Dicta,1221
שדי חמד פאת השדה מערכות ב-ד.txt,אוצריא/ספרות עזר/אנציקלופדיות/שדי חמד/שדי חמד פאת השדה מערכות ב-ד.txt,Dicta,964
שדי חמד פאת השדה מערכת ה.txt,אוצריא/ספרות עזר/אנציקלופדיות/שדי חמד/שדי חמד פאת השדה מערכת ה.txt,Dicta,370
שדי חמד פאת השדה מערכת א.txt,אוצריא/ספרות עזר/אנציקלופדיות/שדי חמד/שדי חמד פאת השדה מערכת א.txt,Dicta,930
קורא הדורות.txt,אוצריא/ספרות עזר/תולדות עם ישראל/קורא הדורות.txt,Dicta,344
האוצר מספורי צדיקים.txt,אוצריא/ספרות עזר/תולדות עם ישראל/האוצר מספורי צדיקים.txt,Dicta,571
אגרות משה אורח חיים ב.txt,אוצריא/שות/מחברי זמננו/אגרות משה/אגרות משה אורח חיים ב.txt,OnYourWay,738
אגרות משה אורח חיים א.txt,אוצריא/שות/מחברי זמננו/אגרות משה/אגרות משה אורח חיים א.txt,OnYourWay,1818
אגרות משה אורח חיים ד.txt,אוצריא/שות/מחברי זמננו/אגרות משה/אגרות משה אורח חיים ד.txt,OnYourWay,1252
אגרות משה אורח חיים ג.txt,אוצריא/שות/מחברי זמננו/אגרות משה/אגרות משה אורח חיים ג.txt,OnYourWay,661
אגרות משה אורח חיים ה.txt,אוצריא/שות/מחברי זמננו/אגרות משה/אגרות משה אורח חיים ה.txt,OnYourWay,1381
כתבי הרמבם.txt,אוצריא/מחשבת ישראל/ראשונים/כתבי הרמבם.txt,OnYourWay,765
מדרש אבא גוריון.txt,אוצריא/מדרש/אגדה/מדרש אבא גוריון.txt,OnYourWay,77
מדרש זוטא.txt,אוצריא/מדרש/אגדה/מדרש זוטא.txt,OnYourWay,869
חלום מרדכי ותפלתו ותפלת אסתר.txt,אוצריא/מדרש/אגדה/בתי מדרשות/חלק א/חלום מרדכי ותפלתו ותפלת אסתר.txt,OnYourWay,94
מאמר גדולה ענוה.txt,אוצריא/מדרש/אגדה/בתי מדרשות/חלק א/מאמר גדולה ענוה.txt,OnYourWay,8
מעשה רב כהנא וסליק בנו.txt,אוצריא/מדרש/אגדה/בתי מדרשות/חלק א/מעשה רב כהנא וסליק בנו.txt,OnYourWay,10
אגדה בבני יעקב.txt,אוצריא/מדרש/אגדה/בתי מדרשות/חלק א/אגדה בבני יעקב.txt,OnYourWay,5
מדרש שני כתובים.txt,אוצריא/מדרש/אגדה/בתי מדרשות/חלק א/מדרש שני כתובים.txt,OnYourWay,29
מדרש כתפוח בעצי היער.txt,אוצריא/מדרש/אגדה/בתי מדרשות/חלק א/מדרש כתפוח בעצי היער.txt,OnYourWay,45
סדר רבה דבראשית דרבי ישמעאל כהן גדול.txt,אוצריא/מדרש/אגדה/בתי מדרשות/חלק א/סדר רבה דבראשית דרבי ישמעאל כהן גדול.txt,OnYourWay,96
צוואת נפתלי.txt,אוצריא/מדרש/אגדה/בתי מדרשות/חלק א/צוואת נפתלי.txt,OnYourWay,5
"סידור רבא דבראשית רבא - נוסח ב, על פי כתב-יד אוקספורד.txt","אוצריא/מדרש/אגדה/בתי מדרשות/חלק א/סידור רבא דבראשית רבא - נוסח ב, על פי כתב-יד אוקספורד.txt",OnYourWay,34
מדרש ואלה תולדת אהרן ומשה.txt,אוצריא/מדרש/אגדה/בתי מדרשות/חלק א/מדרש ואלה תולדת אהרן ומשה.txt,OnYourWay,12
לקוטים ממדרש שוחר טוב כתב יד.txt,אוצריא/מדרש/אגדה/בתי מדרשות/חלק א/לקוטים ממדרש שוחר טוב כתב יד.txt,OnYourWay,15
שלש פסיקתות.txt,אוצריא/מדרש/אגדה/בתי מדרשות/חלק א/שלש פסיקתות.txt,OnYourWay,34
משנת מסכת כלה.txt,אוצריא/מדרש/אגדה/בתי מדרשות/חלק א/משנת מסכת כלה.txt,OnYourWay,38
מדרש אספה.txt,אוצריא/מדרש/אגדה/בתי מדרשות/חלק א/מדרש אספה.txt,OnYourWay,17
מעשה ברבי מאיר.txt,אוצריא/מדרש/אגדה/בתי מדרשות/חלק א/מעשה ברבי מאיר.txt,OnYourWay,4
מדרש פטירת משה.txt,אוצריא/מדרש/אגדה/בתי מדרשות/חלק א/מדרש פטירת משה.txt,OnYourWay,9
מדרש לפרשת ראה שופטים תצא.txt,אוצריא/מדרש/אגדה/בתי מדרשות/חלק א/מדרש לפרשת ראה שופטים תצא.txt,OnYourWay,26
ברייתא דמעשה מרכבה.txt,אוצריא/מדרש/אגדה/בתי מדרשות/חלק א/ברייתא דמעשה מרכבה.txt,OnYourWay,16
מדרש יתברך.txt,אוצריא/מדרש/אגדה/בתי מדרשות/חלק א/מדרש יתברך.txt,OnYourWay,4
מדרש ילמדנו.txt,אוצריא/מדרש/אגדה/בתי מדרשות/חלק א/מדרש ילמדנו.txt,OnYourWay,202
פרק צדקות.txt,אוצריא/מדרש/אגדה/בתי מדרשות/חלק א/פרק צדקות.txt,OnYourWay,16
מגלת אנטיוכס בלשון ארמי.txt,אוצריא/מדרש/אגדה/בתי מדרשות/חלק א/מגלת אנטיוכס בלשון ארמי.txt,OnYourWay,132
מדרש ירושלמי על מגלת אסתר.txt,אוצריא/מדרש/אגדה/בתי מדרשות/חלק א/מדרש ירושלמי על מגלת אסתר.txt,OnYourWay,10
מדרש אשת חיל.txt,אוצריא/מדרש/אגדה/בתי מדרשות/חלק ב/מדרש אשת חיל.txt,OnYourWay,28
מכילתא לפרשת שמות וארא.txt,אוצריא/מדרש/אגדה/בתי מדרשות/חלק ב/מכילתא לפרשת שמות וארא.txt,OnYourWay,24
מדרש חמש עשרה נקודות שבמקרא.txt,אוצריא/מדרש/אגדה/בתי מדרשות/חלק ב/מדרש חמש עשרה נקודות שבמקרא.txt,OnYourWay,33
מדרש חסד לאומים.txt,אוצריא/מדרש/אגדה/בתי מדרשות/חלק ב/מדרש חסד לאומים.txt,OnYourWay,12
שאילתא לפרשת וזאת הברכה.txt,אוצריא/מדרש/אגדה/בתי מדרשות/חלק ב/שאילתא לפרשת וזאת הברכה.txt,OnYourWay,5
מדרש איוב.txt,אוצריא/מדרש/אגדה/בתי מדרשות/חלק ב/מדרש איוב.txt,OnYourWay,127
מדרש וזאת הברכה.txt,אוצריא/מדרש/אגדה/בתי מדרשות/חלק ב/מדרש וזאת הברכה.txt,OnYourWay,16
ספר זרובבל.txt,אוצריא/מדרש/אגדה/בתי מדרשות/חלק ב/ספר זרובבל.txt,OnYourWay,14
ברייתא דמזלות.txt,אוצריא/מדרש/אגדה/בתי מדרשות/חלק ב/ברייתא דמזלות.txt,OnYourWay,129
מדרש חסרות ויתרות.txt,אוצריא/מדרש/אגדה/בתי מדרשות/חלק ב/מדרש חסרות ויתרות.txt,OnYourWay,374
מדרש האותיות.txt,אוצריא/מדרש/אגדה/בתי מדרשות/חלק ב/מדרש האותיות.txt,OnYourWay,45
מדרש תמורה השלם.txt,אוצריא/מדרש/אגדה/בתי מדרשות/חלק ב/מדרש תמורה השלם.txt,OnYourWay,49
מדרש ברכת כהנים.txt,אוצריא/מדרש/אגדה/בתי מדרשות/חלק ב/מדרש ברכת כהנים.txt,OnYourWay,18
פרק ר' שמעון בן יוחאי.txt,אוצריא/מדרש/אגדה/בתי מדרשות/חלק ב/פרק ר' שמעון בן יוחאי.txt,OnYourWay,4
מדרש שלשה וארבעה.txt,אוצריא/מדרש/אגדה/בתי מדרשות/חלק ב/מדרש שלשה וארבעה.txt,OnYourWay,208
מדרש סוד העבור.txt,אוצריא/מדרש/אגדה/בתי מדרשות/חלק ב/מדרש סוד העבור.txt,OnYourWay,15
מדרש מנין.txt,אוצריא/מדרש/אגדה/בתי מדרשות/חלק ב/מדרש מנין.txt,OnYourWay,115
מדרש אלפ''א ביתו''ת.txt,אוצריא/מדרש/אגדה/בתי מדרשות/חלק ב/מדרש אלפ''א ביתו''ת.txt,OnYourWay,46
פרק ראיות יחזקאל.txt,אוצריא/מדרש/אגדה/בתי מדרשות/חלק ב/פרק ראיות יחזקאל.txt,OnYourWay,9
לקוטי מדרשים מכתב יד.txt,אוצריא/מדרש/אגדה/בתי מדרשות/חלק ב/לקוטי מדרשים מכתב יד.txt,OnYourWay,34
מדרש בין מים למים.txt,אוצריא/מדרש/אגדה/בתי מדרשות/חלק ב/מדרש בין מים למים.txt,OnYourWay,4
מדרש רבי עקיבה בן יוסף על התגין.txt,אוצריא/מדרש/אגדה/בתי מדרשות/חלק ב/מדרש רבי עקיבה בן יוסף על התגין.txt,OnYourWay,26
מדרש אותיות רבי עקיבא - נוסח א.txt,אוצריא/מדרש/אגדה/בתי מדרשות/חלק ב/מדרש אותיות רבי עקיבא - נוסח א.txt,OnYourWay,142
מדרש ואגדה לפרשת האזינו.txt,אוצריא/מדרש/אגדה/בתי מדרשות/חלק ב/מדרש ואגדה לפרשת האזינו.txt,OnYourWay,29
ספר כתר שם טוב.txt,אוצריא/קבלה/רבי אברהם בר אלכסנדר מקולוניא/ספר כתר שם טוב.txt,OnYourWay,43
ספר דרך אמונה.txt,אוצריא/קבלה/רבי מאיר בן גבאי/ספר דרך אמונה.txt,OnYourWay,192
פירוש מעשה בראשית.txt,אוצריא/קבלה/ספר יצירה/מפרשים/פירוש מעשה בראשית.txt,OnYourWay,201
פירוש רי סגי נהור לספר יצירה.txt,אוצריא/קבלה/ספר יצירה/מפרשים/פירוש רי סגי נהור לספר יצירה.txt,OnYourWay,94
פירוש הרמק לספר יצירה.txt,אוצריא/קבלה/ספר יצירה/מפרשים/פירוש הרמק לספר יצירה.txt,OnYourWay,532
פירוש הרי דמן עכו לספר יצירה.txt,אוצריא/קבלה/ספר יצירה/מפרשים/פירוש הרי דמן עכו לספר יצירה.txt,OnYourWay,39
ספר חיי העולם הבא.txt,אוצריא/קבלה/כתבי רבי אברהם אבולעפיא/ספר חיי העולם הבא.txt,OnYourWay,271
שבע נתיבות התורה.txt,אוצריא/קבלה/כתבי רבי אברהם אבולעפיא/שבע נתיבות התורה.txt,OnYourWay,720
ספר אמרי שפר.txt,אוצריא/קבלה/כתבי רבי אברהם אבולעפיא/ספר אמרי שפר.txt,OnYourWay,712
ספר אוצר עדן הגנוז.txt,אוצריא/קבלה/כתבי רבי אברהם אבולעפיא/ספר אוצר עדן הגנוז.txt,OnYourWay,1086
ספר ברית מנוחה.txt,אוצריא/קבלה/רבי אברהם מרימון הספרדי/ספר ברית מנוחה.txt,OnYourWay,49
ספר נהר שלום.txt,אוצריא/קבלה/רבי שלום שרעבי/ספר נהר שלום.txt,OnYourWay,995
קונטרס חסדי דוד.txt,אוצריא/קבלה/רבי שלום שרעבי/קונטרס חסדי דוד.txt,OnYourWay,172
מאמר על ההגדות.txt,אוצריא/קבלה/רמחל/מאמר על ההגדות.txt,OnYourWay,12
ספר פנות המרכבה.txt,אוצריא/קבלה/רמחל/ספר פנות המרכבה.txt,OnYourWay,83
מאמר ויהי מקץ.txt,אוצריא/קבלה/רמחל/מאמר ויהי מקץ.txt,OnYourWay,12
ספר משכני עליון.txt,אוצריא/קבלה/רמחל/ספר משכני עליון.txt,OnYourWay,324
פירוש מאמר הזוהר ריש משפטים.txt,אוצריא/קבלה/רמחל/פירוש מאמר הזוהר ריש משפטים.txt,OnYourWay,38
פירוש למאמר ויהי מקץ.txt,אוצריא/קבלה/רמחל/פירוש למאמר ויהי מקץ.txt,OnYourWay,8
ראשי פרקים של דברי תורה.txt,אוצריא/קבלה/רמחל/ראשי פרקים של דברי תורה.txt,OnYourWay,73
כללי פתחי חכמה ודעת.txt,אוצריא/קבלה/רמחל/כללי פתחי חכמה ודעת.txt,OnYourWay,40
פירוש מאמר ארימת ידי בצלותין.txt,אוצריא/קבלה/רמחל/פירוש מאמר ארימת ידי בצלותין.txt,OnYourWay,93
כללי ספר קנאת ה' צבאות.txt,אוצריא/קבלה/רמחל/כללי ספר קנאת ה' צבאות.txt,OnYourWay,79
סוד המרכבה דמות אדם והיחוד.txt,אוצריא/קבלה/רמחל/סוד המרכבה דמות אדם והיחוד.txt,OnYourWay,48
מאמר החכמה.txt,אוצריא/קבלה/רמחל/מאמר החכמה.txt,OnYourWay,61
עשרה אורות.txt,אוצריא/קבלה/רמחל/עשרה אורות.txt,OnYourWay,12
ביאורים לספר אוצרות חיים.txt,אוצריא/קבלה/רמחל/ביאורים לספר אוצרות חיים.txt,OnYourWay,44
פירוש משנה ראשונה לספר יצירה.txt,אוצריא/קבלה/רמחל/פירוש משנה ראשונה לספר יצירה.txt,OnYourWay,21
ליקוטים מכתבי הרמחל זל.txt,אוצריא/קבלה/רמחל/ליקוטים מכתבי הרמחל זל.txt,OnYourWay,29
ספר גלגולי נשמות.txt,אוצריא/קבלה/רבי מנחם עזריה מפאנו/ספר גלגולי נשמות.txt,OnYourWay,185
ספר עשרה מאמרות.txt,אוצריא/קבלה/רבי מנחם עזריה מפאנו/ספר עשרה מאמרות.txt,OnYourWay,548
ספר יונת אלם.txt,אוצריא/קבלה/רבי מנחם עזריה מפאנו/ספר יונת אלם.txt,OnYourWay,218
ספר עץ הדעת טוב.txt,אוצריא/קבלה/כתבי הארי ורבי חיים ויטאל/ספר עץ הדעת טוב.txt,OnYourWay,193
ליקוטי השס.txt,אוצריא/קבלה/כתבי הארי ורבי חיים ויטאל/ליקוטי השס.txt,OnYourWay,330
ספר התמונה.txt,אוצריא/קבלה/ספרי קבלה נוספים/ספר התמונה.txt,OnYourWay,318
ספר העיון.txt,אוצריא/קבלה/ספרי קבלה נוספים/ספר העיון.txt,OnYourWay,63
סוד ידיעת המציאות מקבלת הגאונים.txt,אוצריא/קבלה/ספרי קבלה נוספים/סוד ידיעת המציאות מקבלת הגאונים.txt,OnYourWay,45
ספר מעולפת ספירים.txt,אוצריא/קבלה/ספרי קבלה נוספים/ספר מעולפת ספירים.txt,OnYourWay,1058
ספר מדרש שמעון הצדיק.txt,אוצריא/קבלה/ספרי קבלה נוספים/ספר מדרש שמעון הצדיק.txt,OnYourWay,21
סוד הנבואה מרבי יעקב משגביא.txt,אוצריא/קבלה/ספרי קבלה נוספים/סוד הנבואה מרבי יעקב משגביא.txt,OnYourWay,7
פירוש לב נתיבות מקבלת הגאונים.txt,אוצריא/קבלה/ספרי קבלה נוספים/פירוש לב נתיבות מקבלת הגאונים.txt,OnYourWay,46
ספר שושן סודות.txt,אוצריא/קבלה/ספרי קבלה נוספים/ספר שושן סודות.txt,OnYourWay,1755
ספר הייחוד.txt,אוצריא/קבלה/ספרי קבלה נוספים/ספר הייחוד.txt,OnYourWay,34
אגרת אל הרמבן מרבי אברהם גאון.txt,אוצריא/קבלה/ספרי קבלה נוספים/אגרת אל הרמבן מרבי אברהם גאון.txt,OnYourWay,20
ספר הפליאה.txt,אוצריא/קבלה/ספרי קבלה נוספים/ספר הפליאה.txt,OnYourWay,1350
דרישות בעניני המלאכים.txt,אוצריא/קבלה/רמק/דרישות בעניני המלאכים.txt,OnYourWay,2902
ספר גרושין.txt,אוצריא/קבלה/רמק/ספר גרושין.txt,OnYourWay,2664
אור יקר על ענין הנבואה.txt,אוצריא/קבלה/רמק/אור יקר על ענין הנבואה.txt,OnYourWay,229
אור יקר על בראשית.txt,אוצריא/קבלה/רמק/אור יקר על בראשית.txt,OnYourWay,191
סוד הנחש.txt,אוצריא/קבלה/רבי יוסף גיקטליה/סוד הנחש.txt,OnYourWay,44
ספר שער הניקוד וסוד החשמל.txt,אוצריא/קבלה/רבי יוסף גיקטליה/ספר שער הניקוד וסוד החשמל.txt,OnYourWay,98
ספר החשמל.txt,אוצריא/קבלה/רבי יוסף גיקטליה/ספר החשמל.txt,OnYourWay,26
ספר שקל הקדש.txt,אוצריא/קבלה/רבי משה בן שם טוב די ליאון/ספר שקל הקדש.txt,OnYourWay,177
אמת ואמונה.txt,אוצריא/חסידות/ספרי חסידות נוספים/אמת ואמונה.txt,OnYourWay,1931
אגרת הקדש.txt,אוצריא/חסידות/חבד/אגרת הקדש.txt,OnYourWay,117
אגרת התשובה.txt,אוצריא/חסידות/חבד/אגרת התשובה.txt,OnYourWay,30
תניא שער היחוד והאמונה.txt,אוצריא/חסידות/חבד/תניא שער היחוד והאמונה.txt,OnYourWay,41
משיבת נפש.txt,אוצריא/חסידות/ברסלב/משיבת נפש.txt,OnYourWay,317
עלים לתרופה.txt,אוצריא/חסידות/ברסלב/עלים לתרופה.txt,OnYourWay,4525
ספר שמות הצדיקים.txt,אוצריא/חסידות/ברסלב/ספר שמות הצדיקים.txt,OnYourWay,263
זמרת הארץ לקוטי תנינא.txt,אוצריא/חסידות/ברסלב/זמרת הארץ/זמרת הארץ לקוטי תנינא.txt,OnYourWay,143
זמרת הארץ.txt,אוצריא/חסידות/ברסלב/זמרת הארץ/זמרת הארץ.txt,OnYourWay,270
ימי מוהרנת חלק ראשון.txt,אוצריא/חסידות/ברסלב/ספר ימי מוהרנת/ימי מוהרנת חלק ראשון.txt,OnYourWay,455
ימי מוהרנת חלק שני.txt,אוצריא/חסידות/ברסלב/ספר ימי מוהרנת/ימי מוהרנת חלק שני.txt,OnYourWay,554
שחרית.txt,אוצריא/סדר התפילה/סידור/סידור נוסח תימן/שחרית.txt,OnYourWay,278
ערבית.txt,אוצריא/סדר התפילה/סידור/סידור נוסח תימן/ערבית.txt,OnYourWay,108
ברכת המזון נוסח תימן.txt,אוצריא/סדר התפילה/סידור/סידור נוסח תימן/ברכת המזון נוסח תימן.txt,OnYourWay,15
מנחה.txt,אוצריא/סדר התפילה/סידור/סידור נוסח תימן/מנחה.txt,OnYourWay,126
דברי תורה בשם המגיד לרמחל.txt,אוצריא/קבלה/רמחל/דברי תורה בשם המגיד לרמחל.txt,Orayta,29
כללי מאמר החכמה.txt,אוצריא/קבלה/רמחל/כללי מאמר החכמה.txt,Orayta,55
ספר קנאת ה' צבאות.txt,אוצריא/קבלה/רמחל/ספר קנאת ה' צבאות.txt,Orayta,278
תפלות לפנות המרכבה.txt,אוצריא/קבלה/רמחל/תפלות לפנות המרכבה.txt,Orayta,131
כללי ספר מלחמות משה.txt,אוצריא/קבלה/רמחל/כללי ספר מלחמות משה.txt,Orayta,66
ספר דרך חכמה.txt,אוצריא/קבלה/רמחל/ספר דרך חכמה.txt,Orayta,28
כללות שרשי החכמה.txt,אוצריא/קבלה/רמחל/כללות שרשי החכמה.txt,Orayta,18
הזהר המתורגם - זוהר חדש.txt,אוצריא/קבלה/זהר/זהר מתורגם/הזהר המתורגם - זוהר חדש.txt,Orayta,7947
הזהר המתורגם - ויקרא.txt,אוצריא/קבלה/זהר/זהר מתורגם/הזהר המתורגם - ויקרא.txt,Orayta,3801
הזהר המתורגם - תקוני הזהר.txt,אוצריא/קבלה/זהר/זהר מתורגם/הזהר המתורגם - תקוני הזהר.txt,Orayta,3840
הזהר המתורגם - שמות.txt,אוצריא/קבלה/זהר/זהר מתורגם/הזהר המתורגם - שמות.txt,Orayta,9534
הזהר המתורגם - הקדמה.txt,אוצריא/קבלה/זהר/זהר מתורגם/הזהר המתורגם - הקדמה.txt,Orayta,537
הזהר המתורגם - במדבר.txt,אוצריא/קבלה/זהר/זהר מתורגם/הזהר המתורגם - במדבר.txt,Orayta,4161
הזהר המתורגם - דברים.txt,אוצריא/קבלה/זהר/זהר מתורגם/הזהר המתורגם - דברים.txt,Orayta,1435
הזהר המתורגם - בראשית.txt,אוצריא/קבלה/זהר/זהר מתורגם/הזהר המתורגם - בראשית.txt,Orayta,8994
ביאור גמרא נוחה על ערכין.txt,אוצריא/תלמוד בבלי/ספרות עזר/גמרא נוחה/קדשים/ביאור גמרא נוחה על ערכין.txt,Orayta,2073
ביאור גמרא נוחה על בכורות.txt,אוצריא/תלמוד בבלי/ספרות עזר/גמרא נוחה/קדשים/ביאור גמרא נוחה על בכורות.txt,Orayta,2776
ביאור גמרא נוחה על מעילה.txt,אוצריא/תלמוד בבלי/ספרות עזר/גמרא נוחה/קדשים/ביאור גמרא נוחה על מעילה.txt,Orayta,819
ביאור גמרא נוחה על זבחים.txt,אוצריא/תלמוד בבלי/ספרות עזר/גמרא נוחה/קדשים/ביאור גמרא נוחה על זבחים.txt,Orayta,5386
ביאור גמרא נוחה על כריתות.txt,אוצריא/תלמוד בבלי/ספרות עזר/גמרא נוחה/קדשים/ביאור גמרא נוחה על כריתות.txt,Orayta,143
ביאור גמרא נוחה על תמיד.txt,אוצריא/תלמוד בבלי/ספרות עזר/גמרא נוחה/קדשים/ביאור גמרא נוחה על תמיד.txt,Orayta,506
ביאור גמרא נוחה על תמורה.txt,אוצריא/תלמוד בבלי/ספרות עזר/גמרא נוחה/קדשים/ביאור גמרא נוחה על תמורה.txt,Orayta,955
ביאור גמרא נוחה על חולין.txt,אוצריא/תלמוד בבלי/ספרות עזר/גמרא נוחה/קדשים/ביאור גמרא נוחה על חולין.txt,Orayta,6164
ביאור גמרא נוחה על מנחות.txt,אוצריא/תלמוד בבלי/ספרות עזר/גמרא נוחה/קדשים/ביאור גמרא נוחה על מנחות.txt,Orayta,4856
ביאור גמרא נוחה על ברכות.txt,אוצריא/תלמוד בבלי/ספרות עזר/גמרא נוחה/זרעים/ביאור גמרא נוחה על ברכות.txt,Orayta,4387
ביאור גמרא נוחה על בבא קמא.txt,אוצריא/תלמוד בבלי/ספרות עזר/גמרא נוחה/נזיקין/ביאור גמרא נוחה על בבא קמא.txt,Orayta,5844
ביאור גמרא נוחה על בבא בתרא.txt,אוצריא/תלמוד בבלי/ספרות עזר/גמרא נוחה/נזיקין/ביאור גמרא נוחה על בבא בתרא.txt,Orayta,6666
ביאור גמרא נוחה על סנהדרין.txt,אוצריא/תלמוד בבלי/ספרות עזר/גמרא נוחה/נזיקין/ביאור גמרא נוחה על סנהדרין.txt,Orayta,6539
ביאור גמרא נוחה על הוריות.txt,אוצריא/תלמוד בבלי/ספרות עזר/גמרא נוחה/נזיקין/ביאור גמרא נוחה על הוריות.txt,Orayta,913
ביאור גמרא נוחה על עבודה זרה.txt,אוצריא/תלמוד בבלי/ספרות עזר/גמרא נוחה/נזיקין/ביאור גמרא נוחה על עבודה זרה.txt,Orayta,3708
ביאור גמרא נוחה על בבא מציעא.txt,אוצריא/תלמוד בבלי/ספרות עזר/גמרא נוחה/נזיקין/ביאור גמרא נוחה על בבא מציעא.txt,Orayta,6078
ביאור גמרא נוחה על מכות.txt,אוצריא/תלמוד בבלי/ספרות עזר/גמרא נוחה/נזיקין/ביאור גמרא נוחה על מכות.txt,Orayta,1427
ביאור גמרא נוחה על סוטה.txt,אוצריא/תלמוד בבלי/ספרות עזר/גמרא נוחה/נשים/ביאור גמרא נוחה על סוטה.txt,Orayta,3023
ביאור גמרא נוחה על כתובות.txt,אוצריא/תלמוד בבלי/ספרות עזר/גמרא נוחה/נשים/ביאור גמרא נוחה על כתובות.txt,Orayta,5317
ביאור גמרא נוחה על קידושין.txt,אוצריא/תלמוד בבלי/ספרות עזר/גמרא נוחה/נשים/ביאור גמרא נוחה על קידושין.txt,Orayta,4229
ביאור גמרא נוחה על נדרים.txt,אוצריא/תלמוד בבלי/ספרות עזר/גמרא נוחה/נשים/ביאור גמרא נוחה על נדרים.txt,Orayta,1247
ביאור גמרא נוחה על גיטין.txt,אוצריא/תלמוד בבלי/ספרות עזר/גמרא נוחה/נשים/ביאור גמרא נוחה על גיטין.txt,Orayta,4748
ביאור גמרא נוחה על נזיר.txt,אוצריא/תלמוד בבלי/ספרות עזר/גמרא נוחה/נשים/ביאור גמרא נוחה על נזיר.txt,Orayta,2429
ביאור גמרא נוחה על יבמות.txt,אוצריא/תלמוד בבלי/ספרות עזר/גמרא נוחה/נשים/ביאור גמרא נוחה על יבמות.txt,Orayta,6587
ביאור גמרא נוחה על חגיגה.txt,אוצריא/תלמוד בבלי/ספרות עזר/גמרא נוחה/מועד/ביאור גמרא נוחה על חגיגה.txt,Orayta,1323
ביאור גמרא נוחה על ראש השנה.txt,אוצריא/תלמוד בבלי/ספרות עזר/גמרא נוחה/מועד/ביאור גמרא נוחה על ראש השנה.txt,Orayta,1780
ביאור גמרא נוחה על פסחים.txt,אוצריא/תלמוד בבלי/ספרות עזר/גמרא נוחה/מועד/ביאור גמרא נוחה על פסחים.txt,Orayta,5750
ביאור גמרא נוחה על ביצה.txt,אוצריא/תלמוד בבלי/ספרות עזר/גמרא נוחה/מועד/ביאור גמרא נוחה על ביצה.txt,Orayta,1832
ביאור גמרא נוחה על תענית.txt,אוצריא/תלמוד בבלי/ספרות עזר/גמרא נוחה/מועד/ביאור גמרא נוחה על תענית.txt,Orayta,1757
ביאור גמרא נוחה על מועד קטן.txt,אוצריא/תלמוד בבלי/ספרות עזר/גמרא נוחה/מועד/ביאור גמרא נוחה על מועד קטן.txt,Orayta,1709
ביאור גמרא נוחה על יומא.txt,אוצריא/תלמוד בבלי/ספרות עזר/גמרא נוחה/מועד/ביאור גמרא נוחה על יומא.txt,Orayta,1703
ביאור גמרא נוחה על שבת.txt,אוצריא/תלמוד בבלי/ספרות עזר/גמרא נוחה/מועד/ביאור גמרא נוחה על שבת.txt,Orayta,5359
ביאור גמרא נוחה על עירובין.txt,אוצריא/תלמוד בבלי/ספרות עזר/גמרא נוחה/מועד/ביאור גמרא נוחה על עירובין.txt,Orayta,4837
ביאור גמרא נוחה על סוכה.txt,אוצריא/תלמוד בבלי/ספרות עזר/גמרא נוחה/מועד/ביאור גמרא נוחה על סוכה.txt,Orayta,2557
ביאור גמרא נוחה על מגילה.txt,אוצריא/תלמוד בבלי/ספרות עזר/גמרא נוחה/מועד/ביאור גמרא נוחה על מגילה.txt,Orayta,2255
ביאור גמרא נוחה על נדה.txt,אוצריא/תלמוד בבלי/ספרות עזר/גמרא נוחה/טהרות/ביאור גמרא נוחה על נדה.txt,Orayta,4113
חק לישראל - דברים.txt,אוצריא/לימוד יומי/חק לישראל/חק לישראל - דברים.txt,Orayta,2368
חק לישראל - במדבר.txt,אוצריא/לימוד יומי/חק לישראל/חק לישראל - במדבר.txt,Orayta,2258
חק לישראל - ויקרא.txt,אוצריא/לימוד יומי/חק לישראל/חק לישראל - ויקרא.txt,Orayta,2187
חק לישראל - בראשית.txt,אוצריא/לימוד יומי/חק לישראל/חק לישראל - בראשית.txt,Orayta,2929
חק לישראל - שמות.txt,אוצריא/לימוד יומי/חק לישראל/חק לישראל - שמות.txt,Orayta,2590
קיצור שע ילקוט יוסף החדש - אורח חיים.txt,אוצריא/הלכה/מחברי זמננו/קיצור ילקוט יוסף/קיצור שע ילקוט יוסף החדש - אורח חיים.txt,Orayta,19287
קיצור שע ילקוט יוסף החדש - חושן משפט.txt,אוצריא/הלכה/מחברי זמננו/קיצור ילקוט יוסף/קיצור שע ילקוט יוסף החדש - חושן משפט.txt,Orayta,732
קיצור שע ילקוט יוסף החדש - יורה דעה.txt,אוצריא/הלכה/מחברי זמננו/קיצור ילקוט יוסף/קיצור שע ילקוט יוסף החדש - יורה דעה.txt,Orayta,8637
קיצור שע ילקוט יוסף החדש - אבן העזר.txt,אוצריא/הלכה/מחברי זמננו/קיצור ילקוט יוסף/קיצור שע ילקוט יוסף החדש - אבן העזר.txt,Orayta,1186
דברי יואל על התורה.txt,אוצריא/חסידות/סאטמר/דברי יואל על התורה.txt,Tashma,17411
דברי יואל על המועדים.txt,אוצריא/חסידות/סאטמר/דברי יואל על המועדים.txt,Tashma,19912
שער הציון.txt,אוצריא/הלכה/שולחן ערוך/מפרשים/משנה ברורה/שער הציון.txt,Tashma,18680
מאירי על מסכת שקלים.txt,אוצריא/תלמוד ירושלמי/מפרשים/מאירי על מסכת שקלים.txt,MoreBooks,232
הערות על משכיל לדוד דרושים.txt,אוצריא/תנך/דרשות ודרושים/הערות על משכיל לדוד דרושים.txt,MoreBooks,22
משכיל לדוד דרשות.txt,אוצריא/תנך/דרשות ודרושים/משכיל לדוד דרשות.txt,MoreBooks,106
הערות על משכיל לדוד דרשות.txt,אוצריא/תנך/דרשות ודרושים/הערות על משכיל לדוד דרשות.txt,MoreBooks,103
משכיל לדוד דרושים.txt,אוצריא/תנך/דרשות ודרושים/משכיל לדוד דרושים.txt,MoreBooks,267
רבינו יונה על משלי.txt,אוצריא/תנך/ראשונים/רבינו יונה על משלי.txt,MoreBooks,1371
הערות על רבינו יונה על משלי.txt,אוצריא/תנך/ראשונים/הערות על רבינו יונה על משלי.txt,MoreBooks,49
פירוש הגרא על משלי.txt,אוצריא/תנך/אחרונים/פירוש הגרא על משלי.txt,MoreBooks,2273
פירוש הגרא על שיר השירים.txt,אוצריא/תנך/אחרונים/פירוש הגרא על שיר השירים.txt,MoreBooks,364
טעמא דקרא.txt,אוצריא/תנך/אחרונים/טעמא דקרא.txt,MoreBooks,1974
הערות על פירוש הגרא על מגלת אסתר על דרך הפשט.txt,אוצריא/תנך/אחרונים/הערות על פירוש הגרא על מגלת אסתר על דרך הפשט.txt,MoreBooks,4
פירוש הגרא על מגלת אסתר על דרך הרמז.txt,אוצריא/תנך/אחרונים/פירוש הגרא על מגלת אסתר על דרך הרמז.txt,MoreBooks,80
פני המים.txt,אוצריא/תנך/אחרונים/פני המים.txt,MoreBooks,1038
פירוש הגרא על מגלת אסתר על דרך הפשט.txt,אוצריא/תנך/אחרונים/פירוש הגרא על מגלת אסתר על דרך הפשט.txt,MoreBooks,303
הערות על פירוש הגרא על משלי.txt,אוצריא/תנך/אחרונים/הערות על פירוש הגרא על משלי.txt,MoreBooks,24
הערות על פני המים.txt,אוצריא/תנך/אחרונים/הערות על פני המים.txt,MoreBooks,1933
משכיל לדוד על התנך.txt,אוצריא/תנך/מחברי זמננו/משכיל לדוד על התנך.txt,MoreBooks,727
הערות על משכיל לדוד על התנך.txt,אוצריא/תנך/מחברי זמננו/הערות על משכיל לדוד על התנך.txt,MoreBooks,110
הערות על תרגום שני על אסתר - כתב יד פאריס.txt,אוצריא/תנך/תרגומים/תרגום/כתובים/הערות על תרגום שני על אסתר - כתב יד פאריס.txt,MoreBooks,13
תרגום שני על אסתר - כתב יד פאריס.txt,אוצריא/תנך/תרגומים/תרגום/כתובים/תרגום שני על אסתר - כתב יד פאריס.txt,MoreBooks,472
תרגום ירושלמי - כתב יד פאריס.txt,אוצריא/תנך/תרגומים/תרגום ירושלמי/תרגום ירושלמי - כתב יד פאריס.txt,MoreBooks,1425
הערות על תרגום ירושלמי - כתב יד פאריס.txt,אוצריא/תנך/תרגומים/תרגום ירושלמי/הערות על תרגום ירושלמי - כתב יד פאריס.txt,MoreBooks,36
מפקתא פשיטתא.txt,אוצריא/תנך/תרגומים/תרגום סורי/מפקתא פשיטתא.txt,MoreBooks,6043
ספר קושיות.txt,אוצריא/שות/ראשונים/ספר קושיות.txt,MoreBooks,888
הערות על ספר קושיות.txt,אוצריא/שות/ראשונים/הערות על ספר קושיות.txt,MoreBooks,3347
תשובות הריטב״א.txt,אוצריא/שות/ראשונים/תשובות הריטב״א.txt,MoreBooks,277
הערות על תשובת רבנו יעקב בענין תפילה.txt,אוצריא/שות/ראשונים/הערות על תשובת רבנו יעקב בענין תפילה.txt,MoreBooks,21
תשובות רבנו יעקב - בענין תפלה.txt,אוצריא/שות/ראשונים/תשובות רבנו יעקב - בענין תפלה.txt,MoreBooks,30
משכיל לדוד שות.txt,אוצריא/שות/אחרונים/משכיל לדוד שות.txt,MoreBooks,1514
שות חזון למועד.txt,אוצריא/שות/אחרונים/שות חזון למועד.txt,MoreBooks,550
מכתם לדוד אורח חיים.txt,אוצריא/שות/אחרונים/מכתם לדוד אורח חיים.txt,MoreBooks,431
אריה דבי עילאי.txt,אוצריא/שות/אחרונים/אריה דבי עילאי.txt,MoreBooks,348
הערות על משכיל לדוד שות.txt,אוצריא/שות/אחרונים/הערות על משכיל לדוד שות.txt,MoreBooks,375
אגודת אזוב אבן העזר.txt,אוצריא/שות/אחרונים/אגודת אזוב/אגודת אזוב אבן העזר.txt,MoreBooks,2029
אגודת אזוב יורה דעה.txt,אוצריא/שות/אחרונים/אגודת אזוב/אגודת אזוב יורה דעה.txt,MoreBooks,458
אגודת אזוב אורח חיים.txt,אוצריא/שות/אחרונים/אגודת אזוב/אגודת אזוב אורח חיים.txt,MoreBooks,732
שות אות לטובה.txt,אוצריא/שות/מחברי זמננו/שות אות לטובה.txt,MoreBooks,501
הערות על שות אות לטובה.txt,אוצריא/שות/מחברי זמננו/הערות על שות אות לטובה.txt,MoreBooks,629
שות משנה הלכות חלק ב.txt,אוצריא/שות/מחברי זמננו/משנה הלכות/שות משנה הלכות חלק ב.txt,MoreBooks,1714
שות משנה הלכות חלק יז.txt,אוצריא/שות/מחברי זמננו/משנה הלכות/שות משנה הלכות חלק יז.txt,MoreBooks,4648
שות משנה הלכות חלק ו.txt,אוצריא/שות/מחברי זמננו/משנה הלכות/שות משנה הלכות חלק ו.txt,MoreBooks,4340
שות משנה הלכות חלק א.txt,אוצריא/שות/מחברי זמננו/משנה הלכות/שות משנה הלכות חלק א.txt,MoreBooks,337
שות משנה הלכות חלק ז.txt,אוצריא/שות/מחברי זמננו/משנה הלכות/שות משנה הלכות חלק ז.txt,MoreBooks,4007
שות משנה הלכות חלק ה.txt,אוצריא/שות/מחברי זמננו/משנה הלכות/שות משנה הלכות חלק ה.txt,MoreBooks,4442
שות משנה הלכות חלק יד.txt,אוצריא/שות/מחברי זמננו/משנה הלכות/שות משנה הלכות חלק יד.txt,MoreBooks,2899
שות משנה הלכות חלק ג.txt,אוצריא/שות/מחברי זמננו/משנה הלכות/שות משנה הלכות חלק ג.txt,MoreBooks,2896
שות משנה הלכות חלק ט.txt,אוצריא/שות/מחברי זמננו/משנה הלכות/שות משנה הלכות חלק ט.txt,MoreBooks,3822
שות משנה הלכות חלק טז.txt,אוצריא/שות/מחברי זמננו/משנה הלכות/שות משנה הלכות חלק טז.txt,MoreBooks,2383
שות משנה הלכות חלק יא.txt,אוצריא/שות/מחברי זמננו/משנה הלכות/שות משנה הלכות חלק יא.txt,MoreBooks,4970
שות משנה הלכות חלק י.txt,אוצריא/שות/מחברי זמננו/משנה הלכות/שות משנה הלכות חלק י.txt,MoreBooks,3805
שות משנה הלכות חלק ד.txt,אוצריא/שות/מחברי זמננו/משנה הלכות/שות משנה הלכות חלק ד.txt,MoreBooks,3560
שות משנה הלכות חלק ח.txt,אוצריא/שות/מחברי זמננו/משנה הלכות/שות משנה הלכות חלק ח.txt,MoreBooks,3536
שות משנה הלכות חלק טו.txt,אוצריא/שות/מחברי זמננו/משנה הלכות/שות משנה הלכות חלק טו.txt,MoreBooks,2830
שות משנה הלכות חלק יב.txt,אוצריא/שות/מחברי זמננו/משנה הלכות/שות משנה הלכות חלק יב.txt,MoreBooks,4854
שות משנה הלכות חלק יג.txt,אוצריא/שות/מחברי זמננו/משנה הלכות/שות משנה הלכות חלק יג.txt,MoreBooks,2856
גירסת ספריה.txt,אוצריא/אודות התוכנה/גירסת ספריה.txt,MoreBooks,1
חמש חנוכות.txt,אוצריא/מחשבת ישראל/אחרונים/חמש חנוכות.txt,MoreBooks,97
"חזון איש, אמונה ובטחון.txt","אוצריא/מחשבת ישראל/אחרונים/חזון איש, אמונה ובטחון.txt",MoreBooks,350
מסכת גיהנם.txt,אוצריא/מדרש/אגדה/מסכת גיהנם.txt,MoreBooks,14
אגדתא דשמעון כיפא.txt,אוצריא/מדרש/אגדה/אגדתא דשמעון כיפא.txt,MoreBooks,7
שינויי נוסחאות על מדרש חופת אליהו (ילקוט מדרשים).txt,אוצריא/מדרש/אגדה/ילקוט מדרשים/חלק א/שינויי נוסחאות על מדרש חופת אליהו (ילקוט מדרשים).txt,MoreBooks,204
הערות באותיות על מאמר ארבעה מלכים (ילקוט מדרשים).txt,אוצריא/מדרש/אגדה/ילקוט מדרשים/חלק א/הערות באותיות על מאמר ארבעה מלכים (ילקוט מדרשים).txt,MoreBooks,12
מאמר ארבעה מלכים (ילקוט מדרשים).txt,אוצריא/מדרש/אגדה/ילקוט מדרשים/חלק א/מאמר ארבעה מלכים (ילקוט מדרשים).txt,MoreBooks,45
ברייתא דישועה (ילקוט מדרשים).txt,אוצריא/מדרש/אגדה/ילקוט מדרשים/חלק א/ברייתא דישועה (ילקוט מדרשים).txt,MoreBooks,46
פרק אדם הראשון (ילקוט מדרשים).txt,אוצריא/מדרש/אגדה/ילקוט מדרשים/חלק א/פרק אדם הראשון (ילקוט מדרשים).txt,MoreBooks,30
הערות במספרים על מדרש חופת אליהו (ילקוט מדרשים).txt,אוצריא/מדרש/אגדה/ילקוט מדרשים/חלק א/הערות במספרים על מדרש חופת אליהו (ילקוט מדרשים).txt,MoreBooks,229
הערות באותיות על מדרש חופת אליהו (ילקוט מדרשים).txt,אוצריא/מדרש/אגדה/ילקוט מדרשים/חלק א/הערות באותיות על מדרש חופת אליהו (ילקוט מדרשים).txt,MoreBooks,1088
הערות במספרים על פרק אדם הראשון (ילקוט מדרשים).txt,אוצריא/מדרש/אגדה/ילקוט מדרשים/חלק א/הערות במספרים על פרק אדם הראשון (ילקוט מדרשים).txt,MoreBooks,32
הערות במספרים על סדר ארקים (ילקוט מדרשים).txt,אוצריא/מדרש/אגדה/ילקוט מדרשים/חלק א/הערות במספרים על סדר ארקים (ילקוט מדרשים).txt,MoreBooks,42
מדרש חמש עשרה נקודות שבמקרא (ילקוט מדרשים).txt,אוצריא/מדרש/אגדה/ילקוט מדרשים/חלק א/מדרש חמש עשרה נקודות שבמקרא (ילקוט מדרשים).txt,MoreBooks,23
הערות במספרים על מאמר ארבעה מלכים (ילקוט מדרשים).txt,אוצריא/מדרש/אגדה/ילקוט מדרשים/חלק א/הערות במספרים על מאמר ארבעה מלכים (ילקוט מדרשים).txt,MoreBooks,21
טעם ארבע תקופות (ילקוט מדרשים).txt,אוצריא/מדרש/אגדה/ילקוט מדרשים/חלק א/טעם ארבע תקופות (ילקוט מדרשים).txt,MoreBooks,8
הערות במספרים על ברייתא דישועה (ילקוט מדרשים).txt,אוצריא/מדרש/אגדה/ילקוט מדרשים/חלק א/הערות במספרים על ברייתא דישועה (ילקוט מדרשים).txt,MoreBooks,50
הערות במספרים על טעם ארבע תקופות (ילקוט מדרשים).txt,אוצריא/מדרש/אגדה/ילקוט מדרשים/חלק א/הערות במספרים על טעם ארבע תקופות (ילקוט מדרשים).txt,MoreBooks,7
מדרש חופת אליהו (ילקוט מדרשים).txt,אוצריא/מדרש/אגדה/ילקוט מדרשים/חלק א/מדרש חופת אליהו (ילקוט מדרשים).txt,MoreBooks,947
הערות במספרים על מדרש חמש עשרה נקודות שבמקרא (ילקוט מדרשים).txt,אוצריא/מדרש/אגדה/ילקוט מדרשים/חלק א/הערות במספרים על מדרש חמש עשרה נקודות שבמקרא (ילקוט מדרשים).txt,MoreBooks,13
סדר ארקים (ילקוט מדרשים).txt,אוצריא/מדרש/אגדה/ילקוט מדרשים/חלק א/סדר ארקים (ילקוט מדרשים).txt,MoreBooks,35
ספר אורחות חיים (ילקוט מדרשים).txt,אוצריא/מדרש/אגדה/ילקוט מדרשים/חלק ב/ספר אורחות חיים (ילקוט מדרשים).txt,MoreBooks,103
הערות באותיות על עשרה מילי דחסידותא (ילקוט מדרשים).txt,אוצריא/מדרש/אגדה/ילקוט מדרשים/חלק ב/הערות באותיות על עשרה מילי דחסידותא (ילקוט מדרשים).txt,MoreBooks,21
מסכת שמחות זוטרתי דרבי חייא (ילקוט מדרשים).txt,אוצריא/מדרש/אגדה/ילקוט מדרשים/חלק ב/מסכת שמחות זוטרתי דרבי חייא (ילקוט מדרשים).txt,MoreBooks,46
הערות במספרים על מעשה דרבי יהושע בן לוי (ילקוט מדרשים).txt,אוצריא/מדרש/אגדה/ילקוט מדרשים/חלק ב/הערות במספרים על מעשה דרבי יהושע בן לוי (ילקוט מדרשים).txt,MoreBooks,90
הערות במספרים על סדר יצירת הולד (ילקוט מדרשים).txt,אוצריא/מדרש/אגדה/ילקוט מדרשים/חלק ב/הערות במספרים על סדר יצירת הולד (ילקוט מדרשים).txt,MoreBooks,72
מדרש תמורה (ילקוט מדרשים).txt,אוצריא/מדרש/אגדה/ילקוט מדרשים/חלק ב/מדרש תמורה (ילקוט מדרשים).txt,MoreBooks,112
הערות במספרים על פרק ארחות תושיה (ילקוט מדרשים).txt,אוצריא/מדרש/אגדה/ילקוט מדרשים/חלק ב/הערות במספרים על פרק ארחות תושיה (ילקוט מדרשים).txt,MoreBooks,29
פרקי רבי יוסי (ילקוט מדרשים).txt,אוצריא/מדרש/אגדה/ילקוט מדרשים/חלק ב/פרקי רבי יוסי (ילקוט מדרשים).txt,MoreBooks,24
פרק גן החיים (ילקוט מדרשים).txt,אוצריא/מדרש/אגדה/ילקוט מדרשים/חלק ב/פרק גן החיים (ילקוט מדרשים).txt,MoreBooks,11
עשרה מילי דחסידותא (ילקוט מדרשים).txt,אוצריא/מדרש/אגדה/ילקוט מדרשים/חלק ב/עשרה מילי דחסידותא (ילקוט מדרשים).txt,MoreBooks,19
פרק צדקות (ילקוט מדרשים).txt,אוצריא/מדרש/אגדה/ילקוט מדרשים/חלק ב/פרק צדקות (ילקוט מדרשים).txt,MoreBooks,44
הערות במספרים על פרק גן החיים (ילקוט מדרשים).txt,אוצריא/מדרש/אגדה/ילקוט מדרשים/חלק ב/הערות במספרים על פרק גן החיים (ילקוט מדרשים).txt,MoreBooks,21
מדרש עשרת מלכים (ילקוט מדרשים).txt,אוצריא/מדרש/אגדה/ילקוט מדרשים/חלק ב/מדרש עשרת מלכים (ילקוט מדרשים).txt,MoreBooks,74
הערות באותיות על מדרש תמורה (ילקוט מדרשים).txt,אוצריא/מדרש/אגדה/ילקוט מדרשים/חלק ב/הערות באותיות על מדרש תמורה (ילקוט מדרשים).txt,MoreBooks,38
הערות באותיות על ספר אורחות חיים (ילקוט מדרשים).txt,אוצריא/מדרש/אגדה/ילקוט מדרשים/חלק ב/הערות באותיות על ספר אורחות חיים (ילקוט מדרשים).txt,MoreBooks,197
פרקי חיבוט הקבר (ילקוט מדרשים).txt,אוצריא/מדרש/אגדה/ילקוט מדרשים/חלק ב/פרקי חיבוט הקבר (ילקוט מדרשים).txt,MoreBooks,186
הערות במספרים על מדרש עשרת מלכים (ילקוט מדרשים).txt,אוצריא/מדרש/אגדה/ילקוט מדרשים/חלק ב/הערות במספרים על מדרש עשרת מלכים (ילקוט מדרשים).txt,MoreBooks,108
הערות במספרים על מדרש תדשא (ילקוט מדרשים).txt,אוצריא/מדרש/אגדה/ילקוט מדרשים/חלק ב/הערות במספרים על מדרש תדשא (ילקוט מדרשים).txt,MoreBooks,281
הערות במספרים על ספר אורחות חיים (ילקוט מדרשים).txt,אוצריא/מדרש/אגדה/ילקוט מדרשים/חלק ב/הערות במספרים על ספר אורחות חיים (ילקוט מדרשים).txt,MoreBooks,184
מסכת גן עדן (ילקוט מדרשים).txt,אוצריא/מדרש/אגדה/ילקוט מדרשים/חלק ב/מסכת גן עדן (ילקוט מדרשים).txt,MoreBooks,27
פרק ארחות תושיה (ילקוט מדרשים).txt,אוצריא/מדרש/אגדה/ילקוט מדרשים/חלק ב/פרק ארחות תושיה (ילקוט מדרשים).txt,MoreBooks,44
הערות במספרים על פרק צדקות (ילקוט מדרשים).txt,אוצריא/מדרש/אגדה/ילקוט מדרשים/חלק ב/הערות במספרים על פרק צדקות (ילקוט מדרשים).txt,MoreBooks,44
ברייתא של עשרים וארבעה דברים (ילקוט מדרשים).txt,אוצריא/מדרש/אגדה/ילקוט מדרשים/חלק ב/ברייתא של עשרים וארבעה דברים (ילקוט מדרשים).txt,MoreBooks,30
הערות במספרים על פרקי רבי יוסי (ילקוט מדרשים).txt,אוצריא/מדרש/אגדה/ילקוט מדרשים/חלק ב/הערות במספרים על פרקי רבי יוסי (ילקוט מדרשים).txt,MoreBooks,26
הערות במספרים על מסכת גן עדן (ילקוט מדרשים).txt,אוצריא/מדרש/אגדה/ילקוט מדרשים/חלק ב/הערות במספרים על מסכת גן עדן (ילקוט מדרשים).txt,MoreBooks,61
הערות במספרים על סדר גן עדן (ילקוט מדרשים).txt,אוצריא/מדרש/אגדה/ילקוט מדרשים/חלק ב/הערות במספרים על סדר גן עדן (ילקוט מדרשים).txt,MoreBooks,83
פרק מעשה המת (ילקוט מדרשים).txt,אוצריא/מדרש/אגדה/ילקוט מדרשים/חלק ב/פרק מעשה המת (ילקוט מדרשים).txt,MoreBooks,29
טעם שבע נקודות של שבעה מלכים (ילקוט מדרשים).txt,אוצריא/מדרש/אגדה/ילקוט מדרשים/חלק ב/טעם שבע נקודות של שבעה מלכים (ילקוט מדרשים).txt,MoreBooks,17
הערות במספרים על מסכת שמחות זוטרתי דרבי חייא (ילקוט מדרשים).txt,אוצריא/מדרש/אגדה/ילקוט מדרשים/חלק ב/הערות במספרים על מסכת שמחות זוטרתי דרבי חייא (ילקוט מדרשים).txt,MoreBooks,23
סדר יצירת הולד (ילקוט מדרשים).txt,אוצריא/מדרש/אגדה/ילקוט מדרשים/חלק ב/סדר יצירת הולד (ילקוט מדרשים).txt,MoreBooks,51
מדרש תדשא (ילקוט מדרשים).txt,אוצריא/מדרש/אגדה/ילקוט מדרשים/חלק ב/מדרש תדשא (ילקוט מדרשים).txt,MoreBooks,233
הערות במספרים על מדרש חסד לאומים (ילקוט מדרשים).txt,אוצריא/מדרש/אגדה/ילקוט מדרשים/חלק ב/הערות במספרים על מדרש חסד לאומים (ילקוט מדרשים).txt,MoreBooks,7
הערות באותיות על מדרש תדשא (ילקוט מדרשים).txt,אוצריא/מדרש/אגדה/ילקוט מדרשים/חלק ב/הערות באותיות על מדרש תדשא (ילקוט מדרשים).txt,MoreBooks,273
הערות במספרים על טעם שבע נקודות של שבעה מלכים (ילקוט מדרשים).txt,אוצריא/מדרש/אגדה/ילקוט מדרשים/חלק ב/הערות במספרים על טעם שבע נקודות של שבעה מלכים (ילקוט מדרשים).txt,MoreBooks,12
הערות במספרים על ברייתא של עשרים וארבעה דברים (ילקוט מדרשים).txt,אוצריא/מדרש/אגדה/ילקוט מדרשים/חלק ב/הערות במספרים על ברייתא של עשרים וארבעה דברים (ילקוט מדרשים).txt,MoreBooks,50
הערות באותיות על פרקי חיבוט הקבר (ילקוט מדרשים).txt,אוצריא/מדרש/אגדה/ילקוט מדרשים/חלק ב/הערות באותיות על פרקי חיבוט הקבר (ילקוט מדרשים).txt,MoreBooks,29
מעשה דרבי יהושע בן לוי (ילקוט מדרשים).txt,אוצריא/מדרש/אגדה/ילקוט מדרשים/חלק ב/מעשה דרבי יהושע בן לוי (ילקוט מדרשים).txt,MoreBooks,83
הערות במספרים על מדרש תמורה (ילקוט מדרשים).txt,אוצריא/מדרש/אגדה/ילקוט מדרשים/חלק ב/הערות במספרים על מדרש תמורה (ילקוט מדרשים).txt,MoreBooks,46
ברייתא ברייתו של עולם (ילקוט מדרשים).txt,אוצריא/מדרש/אגדה/ילקוט מדרשים/חלק ב/ברייתא ברייתו של עולם (ילקוט מדרשים).txt,MoreBooks,31
הערות במספרים על עשרה מילי דחסידותא (ילקוט מדרשים).txt,אוצריא/מדרש/אגדה/ילקוט מדרשים/חלק ב/הערות במספרים על עשרה מילי דחסידותא (ילקוט מדרשים).txt,MoreBooks,16
הערות במספרים על פרקי חיבוט הקבר (ילקוט מדרשים).txt,אוצריא/מדרש/אגדה/ילקוט מדרשים/חלק ב/הערות במספרים על פרקי חיבוט הקבר (ילקוט מדרשים).txt,MoreBooks,465
הערות באותיות על מסכת שמחות זוטרתי דרבי חייא (ילקוט מדרשים).txt,אוצריא/מדרש/אגדה/ילקוט מדרשים/חלק ב/הערות באותיות על מסכת שמחות זוטרתי דרבי חייא (ילקוט מדרשים).txt,MoreBooks,87
הערות במספרים על ברייתא ברייתו של עולם (ילקוט מדרשים).txt,אוצריא/מדרש/אגדה/ילקוט מדרשים/חלק ב/הערות במספרים על ברייתא ברייתו של עולם (ילקוט מדרשים).txt,MoreBooks,11
הערות במספרים על פרק מעשה המת (ילקוט מדרשים).txt,אוצריא/מדרש/אגדה/ילקוט מדרשים/חלק ב/הערות במספרים על פרק מעשה המת (ילקוט מדרשים).txt,MoreBooks,24
סדר גן עדן (ילקוט מדרשים).txt,אוצריא/מדרש/אגדה/ילקוט מדרשים/חלק ב/סדר גן עדן (ילקוט מדרשים).txt,MoreBooks,117
מדרש חסד לאומים (ילקוט מדרשים).txt,אוצריא/מדרש/אגדה/ילקוט מדרשים/חלק ב/מדרש חסד לאומים (ילקוט מדרשים).txt,MoreBooks,7
פירוש מיוחס לרבינו שמעיה על מסכת מדות.txt,אוצריא/משנה/ראשונים/פירוש מיוחס לרבינו שמעיה על מסכת מדות.txt,MoreBooks,64
פירוש הראש על זבים.txt,אוצריא/משנה/ראשונים/ראש/פירוש הראש על זבים.txt,MoreBooks,191
הערות על פירוש הראש על זבים.txt,אוצריא/משנה/ראשונים/ראש/הערות על פירוש הראש על זבים.txt,MoreBooks,87
פירוש הראש על קינים.txt,אוצריא/משנה/ראשונים/ראש/פירוש הראש על קינים.txt,MoreBooks,108
מאירי על משנה אבות.txt,אוצריא/משנה/ראשונים/מאירי/מאירי על משנה אבות.txt,MoreBooks,813
מאירי על משנה מקואות.txt,אוצריא/משנה/ראשונים/מאירי/מאירי על משנה מקואות.txt,MoreBooks,322
צורת בית המקדש השני להתוספות יום טוב.txt,אוצריא/משנה/אחרונים/צורת בית המקדש השני להתוספות יום טוב.txt,MoreBooks,87
צורת בית המקדש להתפארת ישראל.txt,אוצריא/משנה/אחרונים/צורת בית המקדש להתפארת ישראל.txt,MoreBooks,217
חק נתן על משנה מדות.txt,אוצריא/משנה/אחרונים/חק נתן על משנה מדות.txt,MoreBooks,119
צורת בית שני.txt,אוצריא/משנה/אחרונים/צורת בית שני.txt,MoreBooks,72
פירוש החסיד יעבץ על אבות.txt,אוצריא/משנה/אחרונים/פירוש החסיד יעבץ על אבות.txt,MoreBooks,1289
חידושי אגדות על משניות סדר זרעים.txt,אוצריא/משנה/אחרונים/חידושי אגדות/חידושי אגדות על משניות סדר זרעים.txt,MoreBooks,32
חידושי אגדות על מדות.txt,אוצריא/משנה/אחרונים/חידושי אגדות/חידושי אגדות על מדות.txt,MoreBooks,13
חידושי אגדות על קנים.txt,אוצריא/משנה/אחרונים/חידושי אגדות/חידושי אגדות על קנים.txt,MoreBooks,5
חידושי אגדות על מסכת עדיות.txt,אוצריא/משנה/אחרונים/חידושי אגדות/חידושי אגדות על מסכת עדיות.txt,MoreBooks,25
חידושי אגדות על משניות סדר טהרות.txt,אוצריא/משנה/אחרונים/חידושי אגדות/חידושי אגדות על משניות סדר טהרות.txt,MoreBooks,40
באורי הגרא על משנה מסכת מדות.txt,אוצריא/משנה/אחרונים/ביאורי הגרא/באורי הגרא על משנה מסכת מדות.txt,MoreBooks,75
באורי הגרא על משנה מסכת תמיד.txt,אוצריא/משנה/אחרונים/ביאורי הגרא/באורי הגרא על משנה מסכת תמיד.txt,MoreBooks,93
אמרות טהורות.txt,אוצריא/ספרי מוסר/אחרונים/אמרות טהורות.txt,MoreBooks,105
מאמר דבר תורה.txt,אוצריא/ספרי מוסר/אחרונים/מאמר דבר תורה.txt,MoreBooks,87
מזור ותרופה.txt,אוצריא/ספרי מוסר/אחרונים/מזור ותרופה.txt,MoreBooks,153
ראש הגבעה.txt,אוצריא/ספרי מוסר/אחרונים/ראש הגבעה.txt,MoreBooks,67
הערות על מאמר דבר תורה.txt,אוצריא/ספרי מוסר/אחרונים/הערות על מאמר דבר תורה.txt,MoreBooks,41
חזון למועד.txt,אוצריא/ספרי מוסר/אחרונים/חזון למועד.txt,MoreBooks,352
מעלות התורה.txt,אוצריא/ספרי מוסר/אחרונים/מעלות התורה.txt,MoreBooks,209
הערות על מזור ותרופה.txt,אוצריא/ספרי מוסר/אחרונים/הערות על מזור ותרופה.txt,MoreBooks,11
חוסן יהושע.txt,אוצריא/ספרי מוסר/אחרונים/חוסן יהושע.txt,MoreBooks,113
בית הלוי על מצות הביטחון.txt,אוצריא/ספרי מוסר/אחרונים/בית הלוי על מצות הביטחון.txt,MoreBooks,27
ספר יצירה - מסודר.txt,אוצריא/קבלה/ספר יצירה/ספר יצירה - מסודר.txt,MoreBooks,153
קלח פתחי חכמה - הפתחים בלבד.txt,אוצריא/קבלה/רמחל/קלח פתחי חכמה - הפתחים בלבד.txt,MoreBooks,439
עשרה פרקים לרמחל - כללות האילן הקדוש.txt,אוצריא/קבלה/רמחל/עשרה פרקים לרמחל - כללות האילן הקדוש.txt,MoreBooks,234
מאמר חכמת האמת להרמחל.txt,אוצריא/קבלה/רמחל/מאמר חכמת האמת להרמחל.txt,MoreBooks,18
משכיל לדוד קבלה.txt,אוצריא/קבלה/מחברי זמננו/משכיל לדוד קבלה.txt,MoreBooks,73
"האידרות - אדרא רבא, אדרא זוטא, אדרא דמשכנא.txt","אוצריא/קבלה/זהר/האידרות - אדרא רבא, אדרא זוטא, אדרא דמשכנא.txt",MoreBooks,651
ספרא דצניעותא.txt,אוצריא/קבלה/זהר/ספרא דצניעותא.txt,MoreBooks,150
ספרא דצניעותא עם ביאור הגרא.txt,אוצריא/קבלה/זהר/ספרא דצניעותא עם ביאור הגרא.txt,MoreBooks,1864
תיקונים מזוהר חדש - דפוס וילנא.txt,אוצריא/קבלה/זהר/תיקונים מזוהר חדש - דפוס וילנא.txt,MoreBooks,560
הגהות וליקוטים על תיקונים מזוהר חדש - דפוס וילנא.txt,אוצריא/קבלה/זהר/הגהות וליקוטים על תיקונים מזוהר חדש - דפוס וילנא.txt,MoreBooks,64
ביאור הגרא על תיקונים מזוהר חדש - דפוס וילנא.txt,אוצריא/קבלה/זהר/ביאור הגרא על תיקונים מזוהר חדש - דפוס וילנא.txt,MoreBooks,3840
מפרש על קינים.txt,אוצריא/תלמוד בבלי/ראשונים/מפרש על קינים.txt,MoreBooks,70
תוספות רי''ד על עירובין מהדורא תליתאה רביעאה.txt,אוצריא/תלמוד בבלי/ראשונים/תוספות רי”ד/תוספות רי''ד על עירובין מהדורא תליתאה רביעאה.txt,MoreBooks,216
השמטות הריטבא על יבמות.txt,אוצריא/תלמוד בבלי/ראשונים/ריטבא/סדר נשים/השמטות הריטבא על יבמות.txt,MoreBooks,64
השמטות הריטב״א על עבודה זרה.txt,אוצריא/תלמוד בבלי/ראשונים/ריטבא/סדר נזיקין/השמטות הריטב״א על עבודה זרה.txt,MoreBooks,29
חידושי הריטבא סוכה מכתב יד.txt,אוצריא/תלמוד בבלי/ראשונים/ריטבא/סדר מועד/חידושי הריטבא סוכה מכתב יד.txt,MoreBooks,102
הערות על חידושי הריטבא סוכה מכתב יד.txt,אוצריא/תלמוד בבלי/ראשונים/ריטבא/סדר מועד/הערות על חידושי הריטבא סוכה מכתב יד.txt,MoreBooks,21
פסקי רבינו מענדל קלויזנער על מסכת שבת.txt,אוצריא/תלמוד בבלי/ראשונים/פסקי רבינו מענדל קלויזנער/פסקי רבינו מענדל קלויזנער על מסכת שבת.txt,MoreBooks,164
פסקי רבינו מענדל קלויזנער על מסכת עז.txt,אוצריא/תלמוד בבלי/ראשונים/פסקי רבינו מענדל קלויזנער/פסקי רבינו מענדל קלויזנער על מסכת עז.txt,MoreBooks,138
פסקי רבינו מענדל קלויזנער על מסכת חולין.txt,אוצריא/תלמוד בבלי/ראשונים/פסקי רבינו מענדל קלויזנער/פסקי רבינו מענדל קלויזנער על מסכת חולין.txt,MoreBooks,71
מרדכי על בבא מציעא.txt,אוצריא/תלמוד בבלי/ראשונים/מרדכי/מרדכי על בבא מציעא.txt,MoreBooks,644
חידושי רמב״ן על כתובות.txt,אוצריא/תלמוד בבלי/ראשונים/חידושי רמבן/סדר נשים/חידושי רמב״ן על כתובות.txt,MoreBooks,1052
תוספות על קינים.txt,אוצריא/תלמוד בבלי/ראשונים/תוספות/סדר קדשים/תוספות על קינים.txt,MoreBooks,24
מסכת עריות.txt,אוצריא/תלמוד בבלי/מסכתות קטנות/מסכת עריות.txt,MoreBooks,24
הערות על מסכת עריות.txt,אוצריא/תלמוד בבלי/מסכתות קטנות/הערות על מסכת עריות.txt,MoreBooks,1
גופי הלכות (פצנובסקי).txt,אוצריא/תלמוד בבלי/אחרונים/גופי הלכות (פצנובסקי).txt,MoreBooks,535
חיי אריה על מסכת מעילה.txt,אוצריא/תלמוד בבלי/אחרונים/חיי אריה על מסכת מעילה.txt,MoreBooks,135
הגהות הב״ח על מסכת ברכות.txt,אוצריא/תלמוד בבלי/אחרונים/הגהות הב״ח על מסכת ברכות.txt,MoreBooks,398
חידושי גור אריה על פסחים.txt,אוצריא/תלמוד בבלי/אחרונים/חידושי גור אריה/חידושי גור אריה על פסחים.txt,MoreBooks,229
הקדמה לחידושי אגדות.txt,אוצריא/תלמוד בבלי/אחרונים/חידושי אגדות/הקדמה לחידושי אגדות.txt,MoreBooks,8
עולת שלמה על מנחות.txt,אוצריא/תלמוד בבלי/אחרונים/עולת שלמה/עולת שלמה על מנחות.txt,MoreBooks,1174
עולת שלמה על זבחים.txt,אוצריא/תלמוד בבלי/אחרונים/עולת שלמה/עולת שלמה על זבחים.txt,MoreBooks,1248
עולת שלמה על מעילה.txt,אוצריא/תלמוד בבלי/אחרונים/עולת שלמה/עולת שלמה על מעילה.txt,MoreBooks,353
חידושי רבי שמעון על בבא בתרא.txt,אוצריא/תלמוד בבלי/אחרונים/חידושי רבי שמעון שקאפ/חידושי רבי שמעון על בבא בתרא.txt,MoreBooks,369
חידושי רבי שמעון על נדרים.txt,אוצריא/תלמוד בבלי/אחרונים/חידושי רבי שמעון שקאפ/חידושי רבי שמעון על נדרים.txt,MoreBooks,278
חידושי רבי שמעון על גיטין.txt,אוצריא/תלמוד בבלי/אחרונים/חידושי רבי שמעון שקאפ/חידושי רבי שמעון על גיטין.txt,MoreBooks,197
חידושי רבי שמעון על קידושין.txt,אוצריא/תלמוד בבלי/אחרונים/חידושי רבי שמעון שקאפ/חידושי רבי שמעון על קידושין.txt,MoreBooks,288
חידושי רבי שמעון על בבא מציעא.txt,אוצריא/תלמוד בבלי/אחרונים/חידושי רבי שמעון שקאפ/חידושי רבי שמעון על בבא מציעא.txt,MoreBooks,385
חידושי רבי שמעון על בבא קמא.txt,אוצריא/תלמוד בבלי/אחרונים/חידושי רבי שמעון שקאפ/חידושי רבי שמעון על בבא קמא.txt,MoreBooks,416
הערות על רוב דגן חלק ב.txt,אוצריא/תלמוד בבלי/אחרונים/רוב דגן/הערות על רוב דגן חלק ב.txt,MoreBooks,1582
הערות על רוב דגן חלק א.txt,אוצריא/תלמוד בבלי/אחרונים/רוב דגן/הערות על רוב דגן חלק א.txt,MoreBooks,1676
רוב דגן חלק א.txt,אוצריא/תלמוד בבלי/אחרונים/רוב דגן/רוב דגן חלק א.txt,MoreBooks,2514
רוב דגן חלק ב.txt,אוצריא/תלמוד בבלי/אחרונים/רוב דגן/רוב דגן חלק ב.txt,MoreBooks,1963
הערות על קובץ יסודות וחקירות.txt,אוצריא/תלמוד בבלי/מחברי זמננו/הערות על קובץ יסודות וחקירות.txt,MoreBooks,1645
הערות על משכיל לדוד על השס.txt,אוצריא/תלמוד בבלי/מחברי זמננו/הערות על משכיל לדוד על השס.txt,MoreBooks,10
קובץ יסודות וחקירות.txt,אוצריא/תלמוד בבלי/מחברי זמננו/קובץ יסודות וחקירות.txt,MoreBooks,15417
משכיל לדוד על השס.txt,אוצריא/תלמוד בבלי/מחברי זמננו/משכיל לדוד על השס.txt,MoreBooks,115
הערות על שיעורי הגרדש על כתובות.txt,אוצריא/תלמוד בבלי/מחברי זמננו/שיעורי הגרדש/הערות על שיעורי הגרדש על כתובות.txt,MoreBooks,138
שיעורי הגרדש על בבא בתרא.txt,אוצריא/תלמוד בבלי/מחברי זמננו/שיעורי הגרדש/שיעורי הגרדש על בבא בתרא.txt,MoreBooks,776
שיעורי הגרדש על כתובות.txt,אוצריא/תלמוד בבלי/מחברי זמננו/שיעורי הגרדש/שיעורי הגרדש על כתובות.txt,MoreBooks,1659
הערות על שיעורי הגרדש על בבא בתרא.txt,אוצריא/תלמוד בבלי/מחברי זמננו/שיעורי הגרדש/הערות על שיעורי הגרדש על בבא בתרא.txt,MoreBooks,82
וזה לשונו - תערובות.txt,אוצריא/תלמוד בבלי/מראי מקומות/וזה לשונו/וזה לשונו - תערובות.txt,MoreBooks,4601
הערות על וזה לשונו - בבא קמא.txt,אוצריא/תלמוד בבלי/מראי מקומות/וזה לשונו/הערות על וזה לשונו - בבא קמא.txt,MoreBooks,10
הערות על וזה לשונו - שטרות.txt,אוצריא/תלמוד בבלי/מראי מקומות/וזה לשונו/הערות על וזה לשונו - שטרות.txt,MoreBooks,9
הערות על וזה לשונו - שובבי''ם.txt,אוצריא/תלמוד בבלי/מראי מקומות/וזה לשונו/הערות על וזה לשונו - שובבי''ם.txt,MoreBooks,116
הערות על וזה לשונו - קידושין - ערכים.txt,אוצריא/תלמוד בבלי/מראי מקומות/וזה לשונו/הערות על וזה לשונו - קידושין - ערכים.txt,MoreBooks,4
הערות על וזה לשונו - רבית.txt,אוצריא/תלמוד בבלי/מראי מקומות/וזה לשונו/הערות על וזה לשונו - רבית.txt,MoreBooks,16
וזה לשונו - בבא קמא.txt,אוצריא/תלמוד בבלי/מראי מקומות/וזה לשונו/וזה לשונו - בבא קמא.txt,MoreBooks,885
הערות על וזה לשונו - מוקצה.txt,אוצריא/תלמוד בבלי/מראי מקומות/וזה לשונו/הערות על וזה לשונו - מוקצה.txt,MoreBooks,6
וזה לשונו - קידושין - על סדר הדפים.txt,אוצריא/תלמוד בבלי/מראי מקומות/וזה לשונו/וזה לשונו - קידושין - על סדר הדפים.txt,MoreBooks,674
וזה לשונו - סוכה וארבע מינים [הלכה].txt,אוצריא/תלמוד בבלי/מראי מקומות/וזה לשונו/וזה לשונו - סוכה וארבע מינים [הלכה].txt,MoreBooks,6415
וזה לשונו - בישול.txt,אוצריא/תלמוד בבלי/מראי מקומות/וזה לשונו/וזה לשונו - בישול.txt,MoreBooks,1282
הערות על וזה לשונו - זמני התשובה.txt,אוצריא/תלמוד בבלי/מראי מקומות/וזה לשונו/הערות על וזה לשונו - זמני התשובה.txt,MoreBooks,90
הערות על וזה לשונו - בישול.txt,אוצריא/תלמוד בבלי/מראי מקומות/וזה לשונו/הערות על וזה לשונו - בישול.txt,MoreBooks,5
הערות על וזה לשונו - זמני השמחה.txt,אוצריא/תלמוד בבלי/מראי מקומות/וזה לשונו/הערות על וזה לשונו - זמני השמחה.txt,MoreBooks,61
הערות על וזה לשונו - קידושין - על סדר הדפים.txt,אוצריא/תלמוד בבלי/מראי מקומות/וזה לשונו/הערות על וזה לשונו - קידושין - על סדר הדפים.txt,MoreBooks,4
וזה לשונו - שהיה.txt,אוצריא/תלמוד בבלי/מראי מקומות/וזה לשונו/וזה לשונו - שהיה.txt,MoreBooks,1014
וזה לשונו - שובבי''ם.txt,אוצריא/תלמוד בבלי/מראי מקומות/וזה לשונו/וזה לשונו - שובבי''ם.txt,MoreBooks,3134
וזה לשונו - זמני השמחה.txt,אוצריא/תלמוד בבלי/מראי מקומות/וזה לשונו/וזה לשונו - זמני השמחה.txt,MoreBooks,3241
הערות על וזה לשונו - תערובות.txt,אוצריא/תלמוד בבלי/מראי מקומות/וזה לשונו/הערות על וזה לשונו - תערובות.txt,MoreBooks,30
הערות על וזה לשונו - רוב וחזקה.txt,אוצריא/תלמוד בבלי/מראי מקומות/וזה לשונו/הערות על וזה לשונו - רוב וחזקה.txt,MoreBooks,23
וזה לשונו - רוב וחזקה.txt,אוצריא/תלמוד בבלי/מראי מקומות/וזה לשונו/וזה לשונו - רוב וחזקה.txt,MoreBooks,2149
וזה לשונו - מוקצה.txt,אוצריא/תלמוד בבלי/מראי מקומות/וזה לשונו/וזה לשונו - מוקצה.txt,MoreBooks,1848
וזה לשונו - קידושין - ערכים.txt,אוצריא/תלמוד בבלי/מראי מקומות/וזה לשונו/וזה לשונו - קידושין - ערכים.txt,MoreBooks,512
וזה לשונו - זמני התשובה.txt,אוצריא/תלמוד בבלי/מראי מקומות/וזה לשונו/וזה לשונו - זמני התשובה.txt,MoreBooks,2808
וזה לשונו - מקואות.txt,אוצריא/תלמוד בבלי/מראי מקומות/וזה לשונו/וזה לשונו - מקואות.txt,MoreBooks,1982
וזה לשונו - רבית.txt,אוצריא/תלמוד בבלי/מראי מקומות/וזה לשונו/וזה לשונו - רבית.txt,MoreBooks,3612
הערות על וזה לשונו - סוכה וארבע מינים [הלכה].txt,אוצריא/תלמוד בבלי/מראי מקומות/וזה לשונו/הערות על וזה לשונו - סוכה וארבע מינים [הלכה].txt,MoreBooks,118
הערות על וזה לשונו - שהיה.txt,אוצריא/תלמוד בבלי/מראי מקומות/וזה לשונו/הערות על וזה לשונו - שהיה.txt,MoreBooks,2
וזה לשונו - שטרות.txt,אוצריא/תלמוד בבלי/מראי מקומות/וזה לשונו/וזה לשונו - שטרות.txt,MoreBooks,806
הערות על וזה לשונו - מקואות.txt,אוצריא/תלמוד בבלי/מראי מקומות/וזה לשונו/הערות על וזה לשונו - מקואות.txt,MoreBooks,10
הערות על וזה לשונו - סנהדרין.txt,אוצריא/תלמוד בבלי/מראי מקומות/וזה לשונו/הערות על וזה לשונו - סנהדרין.txt,MoreBooks,11
וזה לשונו - סנהדרין.txt,אוצריא/תלמוד בבלי/מראי מקומות/וזה לשונו/וזה לשונו - סנהדרין.txt,MoreBooks,2566
איזהו מקומן על זבחים.txt,אוצריא/תלמוד בבלי/מראי מקומות/איזהו מקומן/איזהו מקומן על זבחים.txt,MoreBooks,8194
איזהו מקומן על ערכין.txt,אוצריא/תלמוד בבלי/מראי מקומות/איזהו מקומן/איזהו מקומן על ערכין.txt,MoreBooks,7263
איזהו מקומן על סוטה.txt,אוצריא/תלמוד בבלי/מראי מקומות/איזהו מקומן/איזהו מקומן על סוטה.txt,MoreBooks,9256
איזהו מקומן על ביצה.txt,אוצריא/תלמוד בבלי/מראי מקומות/איזהו מקומן/איזהו מקומן על ביצה.txt,MoreBooks,8338
איזהו מקומן על חולין.txt,אוצריא/תלמוד בבלי/מראי מקומות/איזהו מקומן/איזהו מקומן על חולין.txt,MoreBooks,23175
איזהו מקומן על יומא.txt,אוצריא/תלמוד בבלי/מראי מקומות/איזהו מקומן/איזהו מקומן על יומא.txt,MoreBooks,9375
איזהו מקומן על נדה.txt,אוצריא/תלמוד בבלי/מראי מקומות/איזהו מקומן/איזהו מקומן על נדה.txt,MoreBooks,6250
איזהו מקומן על שבת.txt,אוצריא/תלמוד בבלי/מראי מקומות/איזהו מקומן/איזהו מקומן על שבת.txt,MoreBooks,23692
איזהו מקומן על עירובין.txt,אוצריא/תלמוד בבלי/מראי מקומות/איזהו מקומן/איזהו מקומן על עירובין.txt,MoreBooks,16415
ספר כריתות.txt,אוצריא/תלמוד בבלי/כללי הש״ס/ספר כריתות.txt,MoreBooks,678
אגרא דפרקא.txt,אוצריא/חסידות/ספרי חסידות נוספים/אגרא דפרקא.txt,MoreBooks,873
מלחמת מצווה.txt,אוצריא/סדר התפילה/מפרשים/מלחמת מצווה.txt,MoreBooks,47
יזכור.txt,אוצריא/סדר התפילה/חיבורים נוספים/יזכור.txt,MoreBooks,13
ברכת המזון נוסח בלדי.txt,אוצריא/סדר התפילה/חיבורים נוספים/ברכת המזון נוסח בלדי.txt,MoreBooks,50
נוסח הכתובה.txt,אוצריא/סדר התפילה/חיבורים נוספים/נוסח הכתובה.txt,MoreBooks,8
סידור אשכנז.txt,אוצריא/סדר התפילה/סידור/סידור אשכנז.txt,MoreBooks,4860
אוצר ההלכה על שולחן ערוך אורח חיים חלק ה.txt,אוצריא/הלכה/שולחן ערוך/מפרשים/אוצר ההלכה/אוצר ההלכה על שולחן ערוך אורח חיים חלק ה.txt,MoreBooks,2230
הערות על אוצר ההלכה על שולחן ערוך אורח חיים חלק ד.txt,אוצריא/הלכה/שולחן ערוך/מפרשים/אוצר ההלכה/הערות על אוצר ההלכה על שולחן ערוך אורח חיים חלק ד.txt,MoreBooks,1504
אוצר ההלכה על שולחן ערוך אורח חיים חלק ו.txt,אוצריא/הלכה/שולחן ערוך/מפרשים/אוצר ההלכה/אוצר ההלכה על שולחן ערוך אורח חיים חלק ו.txt,MoreBooks,2940
הערות על אוצר ההלכה על שולחן ערוך אורח חיים חלק ו.txt,אוצריא/הלכה/שולחן ערוך/מפרשים/אוצר ההלכה/הערות על אוצר ההלכה על שולחן ערוך אורח חיים חלק ו.txt,MoreBooks,1661
הערות על אוצר ההלכה על שולחן ערוך אורח חיים חלק ג.txt,אוצריא/הלכה/שולחן ערוך/מפרשים/אוצר ההלכה/הערות על אוצר ההלכה על שולחן ערוך אורח חיים חלק ג.txt,MoreBooks,1374
הערות על אוצר ההלכה על שולחן ערוך אורח חיים חלק ה.txt,אוצריא/הלכה/שולחן ערוך/מפרשים/אוצר ההלכה/הערות על אוצר ההלכה על שולחן ערוך אורח חיים חלק ה.txt,MoreBooks,1334
אוצר ההלכה על שולחן ערוך אורח חיים חלק ד.txt,אוצריא/הלכה/שולחן ערוך/מפרשים/אוצר ההלכה/אוצר ההלכה על שולחן ערוך אורח חיים חלק ד.txt,MoreBooks,2209
הערות על אוצר ההלכה על שולחן ערוך אורח חיים חלק א.txt,אוצריא/הלכה/שולחן ערוך/מפרשים/אוצר ההלכה/הערות על אוצר ההלכה על שולחן ערוך אורח חיים חלק א.txt,MoreBooks,1433
אוצר ההלכה על שולחן ערוך אורח חיים חלק א.txt,אוצריא/הלכה/שולחן ערוך/מפרשים/אוצר ההלכה/אוצר ההלכה על שולחן ערוך אורח חיים חלק א.txt,MoreBooks,2039
אוצר ההלכה על שולחן ערוך אורח חיים חלק ג.txt,אוצריא/הלכה/שולחן ערוך/מפרשים/אוצר ההלכה/אוצר ההלכה על שולחן ערוך אורח חיים חלק ג.txt,MoreBooks,2468
חוות דעת באורים.txt,אוצריא/הלכה/שולחן ערוך/מפרשים/חוות דעת/חוות דעת באורים.txt,MoreBooks,1465
חוות דעת חדושים.txt,אוצריא/הלכה/שולחן ערוך/מפרשים/חוות דעת/חוות דעת חדושים.txt,MoreBooks,2491
תנא ושייר.txt,אוצריא/הלכה/מערכות ועניינים/תנא ושייר.txt,MoreBooks,193
שעורי הלכה.txt,אוצריא/הלכה/מערכות ועניינים/שעורי הלכה.txt,MoreBooks,818
רב ברכות.txt,אוצריא/הלכה/מערכות ועניינים/רב ברכות.txt,MoreBooks,1063
הערות על תנא ושייר.txt,אוצריא/הלכה/מערכות ועניינים/הערות על תנא ושייר.txt,MoreBooks,237
הערות על תשובות וקטעים מפירושו של רבינו אברהם מן ההר.txt,אוצריא/הלכה/ראשונים/הערות על תשובות וקטעים מפירושו של רבינו אברהם מן ההר.txt,MoreBooks,4
תשובות וקטעים מפירושו של רבינו אברהם מן ההר.txt,אוצריא/הלכה/ראשונים/תשובות וקטעים מפירושו של רבינו אברהם מן ההר.txt,MoreBooks,19
הערות על פסקי תלמיד הרשב״א.txt,אוצריא/הלכה/ראשונים/הערות על פסקי תלמיד הרשב״א.txt,MoreBooks,277
אור זרוע שבת.txt,אוצריא/הלכה/ראשונים/אור זרוע שבת.txt,MoreBooks,271
פסקי הריבבן.txt,אוצריא/הלכה/ראשונים/פסקי הריבבן.txt,MoreBooks,510
פסקי תלמיד הרשב״א.txt,אוצריא/הלכה/ראשונים/פסקי תלמיד הרשב״א.txt,MoreBooks,288
חסד לאלפים אורח חיים.txt,אוצריא/הלכה/אחרונים/חסד לאלפים אורח חיים.txt,MoreBooks,3274
פסקי תשובה חלק א.txt,אוצריא/הלכה/אחרונים/פסקי תשובה חלק א.txt,MoreBooks,342
הערות על כתר ראש.txt,אוצריא/הלכה/אחרונים/הערות על כתר ראש.txt,MoreBooks,71
תיקון עירובין.txt,אוצריא/הלכה/אחרונים/תיקון עירובין.txt,MoreBooks,13
תורת החטאת.txt,אוצריא/הלכה/אחרונים/תורת החטאת.txt,MoreBooks,1248
כתר ראש.txt,אוצריא/הלכה/אחרונים/כתר ראש.txt,MoreBooks,359
"חזון איש, טהרות.txt","אוצריא/הלכה/אחרונים/חזון איש/חזון איש, טהרות.txt",MoreBooks,8781
"חזון איש, יורה דעה.txt","אוצריא/הלכה/אחרונים/חזון איש/חזון איש, יורה דעה.txt",MoreBooks,7911
"חזון איש, אורח חיים מועד.txt","אוצריא/הלכה/אחרונים/חזון איש/חזון איש, אורח חיים מועד.txt",MoreBooks,7255
"חזון איש, זרעים.txt","אוצריא/הלכה/אחרונים/חזון איש/חזון איש, זרעים.txt",MoreBooks,7016
דור המלקטים על אורח חיים.txt,אוצריא/הלכה/מחברי זמננו/דור המלקטים על אורח חיים.txt,MoreBooks,190760
שמירת שבת כהלכתה - א.txt,אוצריא/הלכה/מחברי זמננו/שמירת שבת כהלכתה - א.txt,MoreBooks,5302
שמירת שבת כהלכתה - מפתחות.txt,אוצריא/הלכה/מחברי זמננו/שמירת שבת כהלכתה - מפתחות.txt,MoreBooks,12928
הערות על שמירת שבת כהלכתה - א.txt,אוצריא/הלכה/מחברי זמננו/הערות על שמירת שבת כהלכתה - א.txt,MoreBooks,6177
תוספות למגלת אסתר.txt,אוצריא/בית שני/ספרים חיצונים/תוספות למגלת אסתר.txt,MoreBooks,222
הערות על חכמת שלמה.txt,אוצריא/בית שני/ספרים חיצונים/הערות על חכמת שלמה.txt,MoreBooks,1
חכמת שלמה.txt,אוצריא/בית שני/ספרים חיצונים/חכמת שלמה.txt,MoreBooks,459
מיקרופדיה תלמודית.txt,אוצריא/ספרות עזר/אנציקלופדיות/מיקרופדיה תלמודית.txt,MoreBooks,88171
אספקלריה אותיות א - מ.txt,אוצריא/ספרות עזר/אנציקלופדיות/אספקלריה אותיות א - מ.txt,MoreBooks,136196
אנציקלופדיה הון יוסף.txt,אוצריא/ספרות עזר/אנציקלופדיות/אנציקלופדיה הון יוסף.txt,MoreBooks,1675
הערות על מיקרופדיה תלמודית.txt,אוצריא/ספרות עזר/אנציקלופדיות/הערות על מיקרופדיה תלמודית.txt,MoreBooks,12467
אספקלריה אותיות נ - ת.txt,אוצריא/ספרות עזר/אנציקלופדיות/אספקלריה אותיות נ - ת.txt,MoreBooks,90854
שדי חמד באר בשדי.txt,אוצריא/ספרות עזר/אנציקלופדיות/שדי חמד/שדי חמד באר בשדי.txt,MoreBooks,349
כללי הפוסקים החדש - מלוקט מהשדי חמד.txt,אוצריא/ספרות עזר/אנציקלופדיות/שדי חמד/כללי הפוסקים החדש - מלוקט מהשדי חמד.txt,MoreBooks,69
שדי חמד כללים.txt,אוצריא/ספרות עזר/אנציקלופדיות/שדי חמד/שדי חמד כללים.txt,MoreBooks,5326
הערות על תולדות ישו.txt,אוצריא/ספרות עזר/תולדות עם ישראל/הערות על תולדות ישו.txt,MoreBooks,3
תולדות ישו.txt,אוצריא/ספרות עזר/תולדות עם ישראל/תולדות ישו.txt,MoreBooks,90
סיפורי גלגולים ורוחות.txt,אוצריא/ספרות עזר/תולדות עם ישראל/סיפורי גלגולים ורוחות.txt,MoreBooks,356
הערות על סיפורי גלגולים ורוחות.txt,אוצריא/ספרות עזר/תולדות עם ישראל/הערות על סיפורי גלגולים ורוחות.txt,MoreBooks,17
סדר תנאים ואמוראים.txt,אוצריא/ספרות עזר/תולדות עם ישראל/סדר תנאים ואמוראים.txt,MoreBooks,203
ספר השרשים לרדק.txt,אוצריא/ספרות עזר/מילונים/ספר השרשים לרדק.txt,MoreBooks,4429
חידושי הראבד על עבודה זרה.txt,אוצריא/תלמוד בבלי/ראשונים/חידושי הראבד על עבודה זרה.txt,KSK,589
תלמידי רבנו יונה על עבודה זרה.txt,אוצריא/תלמוד בבלי/ראשונים/תלמידי רבנו יונה על עבודה זרה.txt,KSK,392
רבינו יהונתן מלוניל על עבודה זרה.txt,אוצריא/תלמוד בבלי/ראשונים/ריף/מפרשים/רבינו יהונתן מלוניל על עבודה זרה.txt,KSK,266
נימוקי יוסף על עבודה זרה.txt,אוצריא/תלמוד בבלי/ראשונים/ריף/מפרשים/נימוקי יוסף/נימוקי יוסף על עבודה זרה.txt,KSK,336
קובץ שיטות קמאי על נדה.txt,אוצריא/תלמוד בבלי/ראשונים/קובץ שיטות קמאי/סדר טהרות/קובץ שיטות קמאי על נדה.txt,KSK,10272
קובץ שיטות קמאי על קידושין.txt,אוצריא/תלמוד בבלי/ראשונים/קובץ שיטות קמאי/סדר נשים/קובץ שיטות קמאי על קידושין.txt,KSK,18846
קובץ שיטות קמאי על נדרים.txt,אוצריא/תלמוד בבלי/ראשונים/קובץ שיטות קמאי/סדר נשים/קובץ שיטות קמאי על נדרים.txt,KSK,8442
קובץ שיטות קמאי על כתובות.txt,אוצריא/תלמוד בבלי/ראשונים/קובץ שיטות קמאי/סדר נשים/קובץ שיטות קמאי על כתובות.txt,KSK,24896
קובץ שיטות קמאי על סוטה.txt,אוצריא/תלמוד בבלי/ראשונים/קובץ שיטות קמאי/סדר נשים/קובץ שיטות קמאי על סוטה.txt,KSK,3837
קובץ שיטות קמאי על יבמות.txt,אוצריא/תלמוד בבלי/ראשונים/קובץ שיטות קמאי/סדר נשים/קובץ שיטות קמאי על יבמות.txt,KSK,21165
קובץ שיטות קמאי על נזיר.txt,אוצריא/תלמוד בבלי/ראשונים/קובץ שיטות קמאי/סדר נשים/קובץ שיטות קמאי על נזיר.txt,KSK,5531
קובץ שיטות קמאי על גיטין.txt,אוצריא/תלמוד בבלי/ראשונים/קובץ שיטות קמאי/סדר נשים/קובץ שיטות קמאי על גיטין.txt,KSK,13897
קובץ שיטות קמאי על עבודה זרה.txt,אוצריא/תלמוד בבלי/ראשונים/קובץ שיטות קמאי/סדר נזיקין/קובץ שיטות קמאי על עבודה זרה.txt,KSK,21077
קובץ שיטות קמאי על סנהדרין.txt,אוצריא/תלמוד בבלי/ראשונים/קובץ שיטות קמאי/סדר נזיקין/קובץ שיטות קמאי על סנהדרין.txt,KSK,15232
קובץ שיטות קמאי על בבא בתרא.txt,אוצריא/תלמוד בבלי/ראשונים/קובץ שיטות קמאי/סדר נזיקין/קובץ שיטות קמאי על בבא בתרא.txt,KSK,33159
קובץ שיטות קמאי על שבועות.txt,אוצריא/תלמוד בבלי/ראשונים/קובץ שיטות קמאי/סדר נזיקין/קובץ שיטות קמאי על שבועות.txt,KSK,7832
קובץ שיטות קמאי על בבא קמא.txt,אוצריא/תלמוד בבלי/ראשונים/קובץ שיטות קמאי/סדר נזיקין/קובץ שיטות קמאי על בבא קמא.txt,KSK,16518
קובץ שיטות קמאי על מכות.txt,אוצריא/תלמוד בבלי/ראשונים/קובץ שיטות קמאי/סדר נזיקין/קובץ שיטות קמאי על מכות.txt,KSK,3661
קובץ שיטות קמאי על הוריות.txt,אוצריא/תלמוד בבלי/ראשונים/קובץ שיטות קמאי/סדר נזיקין/קובץ שיטות קמאי על הוריות.txt,KSK,666
קובץ שיטות קמאי על בבא מציעא.txt,אוצריא/תלמוד בבלי/ראשונים/קובץ שיטות קמאי/סדר נזיקין/קובץ שיטות קמאי על בבא מציעא.txt,KSK,22473
קובץ שיטות קמאי על חולין.txt,אוצריא/תלמוד בבלי/ראשונים/קובץ שיטות קמאי/סדר קדשים/קובץ שיטות קמאי על חולין.txt,KSK,31365
קובץ שיטות קמאי על קנים.txt,אוצריא/תלמוד בבלי/ראשונים/קובץ שיטות קמאי/סדר קדשים/קובץ שיטות קמאי על קנים.txt,KSK,414
קובץ שיטות קמאי על מנחות.txt,אוצריא/תלמוד בבלי/ראשונים/קובץ שיטות קמאי/סדר קדשים/קובץ שיטות קמאי על מנחות.txt,KSK,35106
קובץ שיטות קמאי על מעילה.txt,אוצריא/תלמוד בבלי/ראשונים/קובץ שיטות קמאי/סדר קדשים/קובץ שיטות קמאי על מעילה.txt,KSK,2673
קובץ שיטות קמאי על כריתות.txt,אוצריא/תלמוד בבלי/ראשונים/קובץ שיטות קמאי/סדר קדשים/קובץ שיטות קמאי על כריתות.txt,KSK,6262
קובץ שיטות קמאי על בכורות.txt,אוצריא/תלמוד בבלי/ראשונים/קובץ שיטות קמאי/סדר קדשים/קובץ שיטות קמאי על בכורות.txt,KSK,17070
קובץ שיטות קמאי על תמורה.txt,אוצריא/תלמוד בבלי/ראשונים/קובץ שיטות קמאי/סדר קדשים/קובץ שיטות קמאי על תמורה.txt,KSK,5451
קובץ שיטות קמאי על מדות.txt,אוצריא/תלמוד בבלי/ראשונים/קובץ שיטות קמאי/סדר קדשים/קובץ שיטות קמאי על מדות.txt,KSK,870
קובץ שיטות קמאי על תמיד.txt,אוצריא/תלמוד בבלי/ראשונים/קובץ שיטות קמאי/סדר קדשים/קובץ שיטות קמאי על תמיד.txt,KSK,1922
קובץ שיטות קמאי על ערכין.txt,אוצריא/תלמוד בבלי/ראשונים/קובץ שיטות קמאי/סדר קדשים/קובץ שיטות קמאי על ערכין.txt,KSK,8052
קובץ שיטות קמאי על ברכות.txt,אוצריא/תלמוד בבלי/ראשונים/קובץ שיטות קמאי/סדר זרעים/קובץ שיטות קמאי על ברכות.txt,KSK,19774
קובץ שיטות קמאי על סוכה.txt,אוצריא/תלמוד בבלי/ראשונים/קובץ שיטות קמאי/סדר מועד/קובץ שיטות קמאי על סוכה.txt,KSK,9737
קובץ שיטות קמאי על מגילה.txt,אוצריא/תלמוד בבלי/ראשונים/קובץ שיטות קמאי/סדר מועד/קובץ שיטות קמאי על מגילה.txt,KSK,7620
קובץ שיטות קמאי על שבת.txt,אוצריא/תלמוד בבלי/ראשונים/קובץ שיטות קמאי/סדר מועד/קובץ שיטות קמאי על שבת.txt,KSK,29188
קובץ שיטות קמאי על חגיגה.txt,אוצריא/תלמוד בבלי/ראשונים/קובץ שיטות קמאי/סדר מועד/קובץ שיטות קמאי על חגיגה.txt,KSK,1499
קובץ שיטות קמאי על עירובין.txt,אוצריא/תלמוד בבלי/ראשונים/קובץ שיטות קמאי/סדר מועד/קובץ שיטות קמאי על עירובין.txt,KSK,14688
קובץ שיטות קמאי על תענית.txt,אוצריא/תלמוד בבלי/ראשונים/קובץ שיטות קמאי/סדר מועד/קובץ שיטות קמאי על תענית.txt,KSK,5092
קובץ שיטות קמאי על ביצה.txt,אוצריא/תלמוד בבלי/ראשונים/קובץ שיטות קמאי/סדר מועד/קובץ שיטות קמאי על ביצה.txt,KSK,5603
קובץ שיטות קמאי על יומא.txt,אוצריא/תלמוד בבלי/ראשונים/קובץ שיטות קמאי/סדר מועד/קובץ שיטות קמאי על יומא.txt,KSK,7562
קובץ שיטות קמאי על ראש השנה.txt,אוצריא/תלמוד בבלי/ראשונים/קובץ שיטות קמאי/סדר מועד/קובץ שיטות קמאי על ראש השנה.txt,KSK,6209
קובץ שיטות קמאי על פסחים.txt,אוצריא/תלמוד בבלי/ראשונים/קובץ שיטות קמאי/סדר מועד/קובץ שיטות קמאי על פסחים.txt,KSK,25332
קובץ שיטות קמאי על מועד קטן.txt,אוצריא/תלמוד בבלי/ראשונים/קובץ שיטות קמאי/סדר מועד/קובץ שיטות קמאי על מועד קטן.txt,KSK,9233
תוספות שאנץ על פסחים.txt,אוצריא/תלמוד בבלי/ראשונים/תוספות שאנץ/סדר מועד/תוספות שאנץ על פסחים.txt,KSK,859
חידושי הראה על עבודה זרה.txt,אוצריא/תלמוד בבלי/ראשונים/חדושי הראה/חידושי הראה על עבודה זרה.txt,KSK,288
השלמה על עבודה זרה.txt,אוצריא/תלמוד בבלי/ראשונים/ספרים מתוך קובץ שיטות קמאי/השלמה על עבודה זרה.txt,KSK,249
פירוש רבינו ישמעאל בן חכמון על עירובין.txt,אוצריא/תלמוד בבלי/ראשונים/ספרים מתוך קובץ שיטות קמאי/פירוש רבינו ישמעאל בן חכמון על עירובין.txt,KSK,477
רבינו חננאל בן שמואל על עירובין.txt,אוצריא/תלמוד בבלי/ראשונים/ספרים מתוך קובץ שיטות קמאי/רבינו חננאל בן שמואל על עירובין.txt,KSK,459
הערות על הרי בשמים.txt,אוצריא/שות/אחרונים/הערות על הרי בשמים.txt,wiki_jewish_books,4
הרי בשמים.txt,אוצריא/שות/אחרונים/הרי בשמים.txt,wiki_jewish_books,2656
הערות על צמח צדק הקדמון.txt,אוצריא/שות/אחרונים/הערות על צמח צדק הקדמון.txt,wiki_jewish_books,5
צמח צדק הקדמון.txt,אוצריא/שות/אחרונים/צמח צדק הקדמון.txt,wiki_jewish_books,1922
הערות על שער אפרים.txt,אוצריא/שות/אחרונים/הערות על שער אפרים.txt,wiki_jewish_books,1
שער אפרים.txt,אוצריא/שות/אחרונים/שער אפרים.txt,wiki_jewish_books,2023
שות מהרמ אלשקר.txt,אוצריא/שות/אחרונים/שות מהרמ אלשקר.txt,wiki_jewish_books,854
בנין ציון החדשות.txt,אוצריא/שות/אחרונים/בנין ציון החדשות.txt,wiki_jewish_books,1433
תשובות הרדבז חלק ז.txt,אוצריא/שות/אחרונים/רדבז/תשובות הרדבז חלק ז.txt,wiki_jewish_books,258
הערות על תשובות הרדבז חלק ז.txt,אוצריא/שות/אחרונים/רדבז/הערות על תשובות הרדבז חלק ז.txt,wiki_jewish_books,1
דברי חיים.txt,אוצריא/שות/אחרונים/דברי חיים/דברי חיים.txt,wiki_jewish_books,3126
מנחה חריבה.txt,אוצריא/תלמוד בבלי/אחרונים/מנחה חריבה.txt,wiki_jewish_books,1808
הערות על מגיני שלמה.txt,אוצריא/תלמוד בבלי/אחרונים/הערות על מגיני שלמה.txt,wiki_jewish_books,2
הערות על מנחה חריבה.txt,אוצריא/תלמוד בבלי/אחרונים/הערות על מנחה חריבה.txt,wiki_jewish_books,63
הערות על טורי אבן.txt,אוצריא/תלמוד בבלי/אחרונים/הערות על טורי אבן.txt,wiki_jewish_books,165
טורי אבן.txt,אוצריא/תלמוד בבלי/אחרונים/טורי אבן.txt,wiki_jewish_books,1859
עצמות יוסף קידושין.txt,אוצריא/תלמוד בבלי/אחרונים/עצמות יוסף קידושין.txt,wiki_jewish_books,1191
פני אריה.txt,אוצריא/תלמוד בבלי/אחרונים/פני אריה.txt,wiki_jewish_books,38
מגיני שלמה.txt,אוצריא/תלמוד בבלי/אחרונים/מגיני שלמה.txt,wiki_jewish_books,1758
שלמי נדרים.txt,אוצריא/תלמוד בבלי/אחרונים/שלמי נדרים.txt,wiki_jewish_books,789
יום תרועה.txt,אוצריא/תלמוד בבלי/אחרונים/שמות בארץ/יום תרועה.txt,wiki_jewish_books,236
תוספת יום הכיפורים.txt,אוצריא/תלמוד בבלי/אחרונים/שמות בארץ/תוספת יום הכיפורים.txt,wiki_jewish_books,502
הערות על תוספת יום הכיפורים.txt,אוצריא/תלמוד בבלי/אחרונים/שמות בארץ/הערות על תוספת יום הכיפורים.txt,wiki_jewish_books,1
הערות על ציון לנפש חיה על פסחים.txt,אוצריא/תלמוד בבלי/אחרונים/ציון לנפש חיה/הערות על ציון לנפש חיה על פסחים.txt,wiki_jewish_books,8
ציון לנפש חיה על פסחים.txt,אוצריא/תלמוד בבלי/אחרונים/ציון לנפש חיה/ציון לנפש חיה על פסחים.txt,wiki_jewish_books,2005
דבר אברהם.txt,אוצריא/הלכה/מערכות ועניינים/דבר אברהם.txt,wiki_jewish_books,4112
הערות על דבר אברהם.txt,אוצריא/הלכה/מערכות ועניינים/הערות על דבר אברהם.txt,wiki_jewish_books,140
הערות על עץ הדר.txt,אוצריא/הלכה/אחרונים/הערות על עץ הדר.txt,wiki_jewish_books,2
עץ הדר.txt,אוצריא/הלכה/אחרונים/עץ הדר.txt,wiki_jewish_books,170
בעניין מספר הפסוקים התיבות והאותיות בתורה.txt,אוצריא/תנך/אחרונים/בעניין מספר הפסוקים התיבות והאותיות בתורה.txt,ToratEmet,197
מפתח ענייני התנך.txt,אוצריא/תנך/אחרונים/מפתח ענייני התנך.txt,ToratEmet,1764
שות גם אני אודך - ג.txt,אוצריא/שות/מחברי זמננו/הרב גמליאל רבינוביץ/שות גם אני אודך - ג.txt,ToratEmet,309
שות בכל דרכיך דעהו.txt,אוצריא/שות/מחברי זמננו/הרב גמליאל רבינוביץ/שות בכל דרכיך דעהו.txt,ToratEmet,272
שות גם אני אודך - א.txt,אוצריא/שות/מחברי זמננו/הרב גמליאל רבינוביץ/שות גם אני אודך - א.txt,ToratEmet,1711
שות גם אני אודך - ב.txt,אוצריא/שות/מחברי זמננו/הרב גמליאל רבינוביץ/שות גם אני אודך - ב.txt,ToratEmet,1147
דרשת הרמבן (תורת ה' תמימה).txt,אוצריא/מחשבת ישראל/ראשונים/דרשת הרמבן (תורת ה' תמימה).txt,ToratEmet,61
ריבבן על שקלים.txt,אוצריא/משנה/ראשונים/ריבבן על שקלים.txt,ToratEmet,230
אגרת תימן.txt,אוצריא/ספרי מוסר/ראשונים/אגרת תימן.txt,ToratEmet,45
מנורת המאור (אבוהב).txt,אוצריא/ספרי מוסר/ראשונים/מנורת המאור (אבוהב).txt,ToratEmet,6315
חמדת ימים א.txt,אוצריא/ספרי מוסר/אחרונים/חמדת ימים/חמדת ימים א.txt,ToratEmet,3591
מבוא שערי חמדה.txt,אוצריא/ספרי מוסר/אחרונים/חמדת ימים/מבוא שערי חמדה.txt,ToratEmet,1460
חמדת ימים ג.txt,אוצריא/ספרי מוסר/אחרונים/חמדת ימים/חמדת ימים ג.txt,ToratEmet,4990
חמדת ימים ב.txt,אוצריא/ספרי מוסר/אחרונים/חמדת ימים/חמדת ימים ב.txt,ToratEmet,5799
בלבבי משכן אבנה - ג.txt,אוצריא/ספרי מוסר/מחברי זמננו/בלבבי משכן אבנה/בלבבי משכן אבנה - ג.txt,ToratEmet,991
בלבבי משכן אבנה - ב.txt,אוצריא/ספרי מוסר/מחברי זמננו/בלבבי משכן אבנה/בלבבי משכן אבנה - ב.txt,ToratEmet,1650
בלבבי משכן אבנה - ו.txt,אוצריא/ספרי מוסר/מחברי זמננו/בלבבי משכן אבנה/בלבבי משכן אבנה - ו.txt,ToratEmet,978
בלבבי משכן אבנה - ט.txt,אוצריא/ספרי מוסר/מחברי זמננו/בלבבי משכן אבנה/בלבבי משכן אבנה - ט.txt,ToratEmet,328
בלבבי משכן אבנה - א.txt,אוצריא/ספרי מוסר/מחברי זמננו/בלבבי משכן אבנה/בלבבי משכן אבנה - א.txt,ToratEmet,861
בלבבי משכן אבנה - ד.txt,אוצריא/ספרי מוסר/מחברי זמננו/בלבבי משכן אבנה/בלבבי משכן אבנה - ד.txt,ToratEmet,1551
חברותא על תענית.txt,אוצריא/תלמוד בבלי/ספרות עזר/ביאור חברותא/חברותא על תענית.txt,ToratEmet,4126
חברותא על שבת.txt,אוצריא/תלמוד בבלי/ספרות עזר/ביאור חברותא/חברותא על שבת.txt,ToratEmet,15419
חברותא על מגילה.txt,אוצריא/תלמוד בבלי/ספרות עזר/ביאור חברותא/חברותא על מגילה.txt,ToratEmet,3141
חברותא על תמורה.txt,אוצריא/תלמוד בבלי/ספרות עזר/ביאור חברותא/חברותא על תמורה.txt,ToratEmet,3353
חברותא על ביצה.txt,אוצריא/תלמוד בבלי/ספרות עזר/ביאור חברותא/חברותא על ביצה.txt,ToratEmet,4421
חברותא על עירובין.txt,אוצריא/תלמוד בבלי/ספרות עזר/ביאור חברותא/חברותא על עירובין.txt,ToratEmet,13462
חברותא על קידושין.txt,אוצריא/תלמוד בבלי/ספרות עזר/ביאור חברותא/חברותא על קידושין.txt,ToratEmet,11513
חברותא על שקלים.txt,אוצריא/תלמוד בבלי/ספרות עזר/ביאור חברותא/חברותא על שקלים.txt,ToratEmet,3521
חברותא על סנהדרין.txt,אוצריא/תלמוד בבלי/ספרות עזר/ביאור חברותא/חברותא על סנהדרין.txt,ToratEmet,14201
חברותא על ערכין.txt,אוצריא/תלמוד בבלי/ספרות עזר/ביאור חברותא/חברותא על ערכין.txt,ToratEmet,2262
חברותא על יומא.txt,אוצריא/תלמוד בבלי/ספרות עזר/ביאור חברותא/חברותא על יומא.txt,ToratEmet,9695
חברותא על כריתות.txt,אוצריא/תלמוד בבלי/ספרות עזר/ביאור חברותא/חברותא על כריתות.txt,ToratEmet,2802
חברותא על ברכות.txt,אוצריא/תלמוד בבלי/ספרות עזר/ביאור חברותא/חברותא על ברכות.txt,ToratEmet,5922
חברותא על חגיגה.txt,אוצריא/תלמוד בבלי/ספרות עזר/ביאור חברותא/חברותא על חגיגה.txt,ToratEmet,3278
חברותא על מנחות.txt,אוצריא/תלמוד בבלי/ספרות עזר/ביאור חברותא/חברותא על מנחות.txt,ToratEmet,8869
חברותא על הוריות.txt,אוצריא/תלמוד בבלי/ספרות עזר/ביאור חברותא/חברותא על הוריות.txt,ToratEmet,1675
חברותא על נזיר.txt,אוצריא/תלמוד בבלי/ספרות עזר/ביאור חברותא/חברותא על נזיר.txt,ToratEmet,5758
חברותא על בכורות.txt,אוצריא/תלמוד בבלי/ספרות עזר/ביאור חברותא/חברותא על בכורות.txt,ToratEmet,5511
חברותא על שבועות.txt,אוצריא/תלמוד בבלי/ספרות עזר/ביאור חברותא/חברותא על שבועות.txt,ToratEmet,4091
חברותא על בבא בתרא.txt,אוצריא/תלמוד בבלי/ספרות עזר/ביאור חברותא/חברותא על בבא בתרא.txt,ToratEmet,12644
חברותא על זבחים.txt,אוצריא/תלמוד בבלי/ספרות עזר/ביאור חברותא/חברותא על זבחים.txt,ToratEmet,7783
חברותא על עבודה זרה.txt,אוצריא/תלמוד בבלי/ספרות עזר/ביאור חברותא/חברותא על עבודה זרה.txt,ToratEmet,7931
חברותא על מעילה.txt,אוצריא/תלמוד בבלי/ספרות עזר/ביאור חברותא/חברותא על מעילה.txt,ToratEmet,1625
חברותא על מועד קטן.txt,אוצריא/תלמוד בבלי/ספרות עזר/ביאור חברותא/חברותא על מועד קטן.txt,ToratEmet,3414
חברותא על כתובות.txt,אוצריא/תלמוד בבלי/ספרות עזר/ביאור חברותא/חברותא על כתובות.txt,ToratEmet,11947
חברותא על יבמות.txt,אוצריא/תלמוד בבלי/ספרות עזר/ביאור חברותא/חברותא על יבמות.txt,ToratEmet,19784
חברותא על ראש השנה.txt,אוצריא/תלמוד בבלי/ספרות עזר/ביאור חברותא/חברותא על ראש השנה.txt,ToratEmet,5373
חברותא על נדרים.txt,אוצריא/תלמוד בבלי/ספרות עזר/ביאור חברותא/חברותא על נדרים.txt,ToratEmet,7033
חברותא על פסחים.txt,אוצריא/תלמוד בבלי/ספרות עזר/ביאור חברותא/חברותא על פסחים.txt,ToratEmet,13503
חברותא על תמיד.txt,אוצריא/תלמוד בבלי/ספרות עזר/ביאור חברותא/חברותא על תמיד.txt,ToratEmet,708
חברותא על מכות.txt,אוצריא/תלמוד בבלי/ספרות עזר/ביאור חברותא/חברותא על מכות.txt,ToratEmet,3581
חברותא על בבא קמא.txt,אוצריא/תלמוד בבלי/ספרות עזר/ביאור חברותא/חברותא על בבא קמא.txt,ToratEmet,11693
חברותא על סוכה.txt,אוצריא/תלמוד בבלי/ספרות עזר/ביאור חברותא/חברותא על סוכה.txt,ToratEmet,4852
חברותא על נדה.txt,אוצריא/תלמוד בבלי/ספרות עזר/ביאור חברותא/חברותא על נדה.txt,ToratEmet,6720
חברותא על בבא מציעא.txt,אוצריא/תלמוד בבלי/ספרות עזר/ביאור חברותא/חברותא על בבא מציעא.txt,ToratEmet,12958
חברותא על חולין.txt,אוצריא/תלמוד בבלי/ספרות עזר/ביאור חברותא/חברותא על חולין.txt,ToratEmet,11280
חברותא על סוטה.txt,אוצריא/תלמוד בבלי/ספרות עזר/ביאור חברותא/חברותא על סוטה.txt,ToratEmet,5764
חברותא על גיטין.txt,אוצריא/תלמוד בבלי/ספרות עזר/ביאור חברותא/חברותא על גיטין.txt,ToratEmet,10178
הערות על חברותא על תענית.txt,אוצריא/תלמוד בבלי/ספרות עזר/הערות על ביאור חברותא/הערות על חברותא על תענית.txt,ToratEmet,1785
הערות על חברותא על בבא מציעא.txt,אוצריא/תלמוד בבלי/ספרות עזר/הערות על ביאור חברותא/הערות על חברותא על בבא מציעא.txt,ToratEmet,3093
הערות על חברותא על בבא קמא.txt,אוצריא/תלמוד בבלי/ספרות עזר/הערות על ביאור חברותא/הערות על חברותא על בבא קמא.txt,ToratEmet,3715
הערות על חברותא על כתובות.txt,אוצריא/תלמוד בבלי/ספרות עזר/הערות על ביאור חברותא/הערות על חברותא על כתובות.txt,ToratEmet,2111
הערות על חברותא על חולין.txt,אוצריא/תלמוד בבלי/ספרות עזר/הערות על ביאור חברותא/הערות על חברותא על חולין.txt,ToratEmet,2153
הערות על חברותא על בכורות.txt,אוצריא/תלמוד בבלי/ספרות עזר/הערות על ביאור חברותא/הערות על חברותא על בכורות.txt,ToratEmet,1149
הערות על חברותא על קידושין.txt,אוצריא/תלמוד בבלי/ספרות עזר/הערות על ביאור חברותא/הערות על חברותא על קידושין.txt,ToratEmet,2996
הערות על חברותא על נדרים.txt,אוצריא/תלמוד בבלי/ספרות עזר/הערות על ביאור חברותא/הערות על חברותא על נדרים.txt,ToratEmet,801
הערות על חברותא על ברכות.txt,אוצריא/תלמוד בבלי/ספרות עזר/הערות על ביאור חברותא/הערות על חברותא על ברכות.txt,ToratEmet,3420
הערות על חברותא על כריתות.txt,אוצריא/תלמוד בבלי/ספרות עזר/הערות על ביאור חברותא/הערות על חברותא על כריתות.txt,ToratEmet,495
הערות על חברותא על שבועות.txt,אוצריא/תלמוד בבלי/ספרות עזר/הערות על ביאור חברותא/הערות על חברותא על שבועות.txt,ToratEmet,631
הערות על חברותא על ביצה.txt,אוצריא/תלמוד בבלי/ספרות עזר/הערות על ביאור חברותא/הערות על חברותא על ביצה.txt,ToratEmet,562
הערות על חברותא על נדה.txt,אוצריא/תלמוד בבלי/ספרות עזר/הערות על ביאור חברותא/הערות על חברותא על נדה.txt,ToratEmet,1510
הערות על חברותא על חגיגה.txt,אוצריא/תלמוד בבלי/ספרות עזר/הערות על ביאור חברותא/הערות על חברותא על חגיגה.txt,ToratEmet,492
הערות על חברותא על מועד קטן.txt,אוצריא/תלמוד בבלי/ספרות עזר/הערות על ביאור חברותא/הערות על חברותא על מועד קטן.txt,ToratEmet,795
הערות על חברותא על שקלים.txt,אוצריא/תלמוד בבלי/ספרות עזר/הערות על ביאור חברותא/הערות על חברותא על שקלים.txt,ToratEmet,96
הערות על חברותא על עבודה זרה.txt,אוצריא/תלמוד בבלי/ספרות עזר/הערות על ביאור חברותא/הערות על חברותא על עבודה זרה.txt,ToratEmet,1649
הערות על חברותא על עירובין.txt,אוצריא/תלמוד בבלי/ספרות עזר/הערות על ביאור חברותא/הערות על חברותא על עירובין.txt,ToratEmet,889
הערות על חברותא על תמורה.txt,אוצריא/תלמוד בבלי/ספרות עזר/הערות על ביאור חברותא/הערות על חברותא על תמורה.txt,ToratEmet,1634
הערות על חברותא על ראש השנה.txt,אוצריא/תלמוד בבלי/ספרות עזר/הערות על ביאור חברותא/הערות על חברותא על ראש השנה.txt,ToratEmet,754
הערות על חברותא על זבחים.txt,אוצריא/תלמוד בבלי/ספרות עזר/הערות על ביאור חברותא/הערות על חברותא על זבחים.txt,ToratEmet,2127
הערות על חברותא על סוטה.txt,אוצריא/תלמוד בבלי/ספרות עזר/הערות על ביאור חברותא/הערות על חברותא על סוטה.txt,ToratEmet,1087
הערות על חברותא על יבמות.txt,אוצריא/תלמוד בבלי/ספרות עזר/הערות על ביאור חברותא/הערות על חברותא על יבמות.txt,ToratEmet,1762
הערות על חברותא על מעילה.txt,אוצריא/תלמוד בבלי/ספרות עזר/הערות על ביאור חברותא/הערות על חברותא על מעילה.txt,ToratEmet,825
הערות על חברותא על מגילה.txt,אוצריא/תלמוד בבלי/ספרות עזר/הערות על ביאור חברותא/הערות על חברותא על מגילה.txt,ToratEmet,1261
הערות על חברותא על בבא בתרא.txt,אוצריא/תלמוד בבלי/ספרות עזר/הערות על ביאור חברותא/הערות על חברותא על בבא בתרא.txt,ToratEmet,3700
הערות על חברותא על שבת.txt,אוצריא/תלמוד בבלי/ספרות עזר/הערות על ביאור חברותא/הערות על חברותא על שבת.txt,ToratEmet,2799
הערות על חברותא על סנהדרין.txt,אוצריא/תלמוד בבלי/ספרות עזר/הערות על ביאור חברותא/הערות על חברותא על סנהדרין.txt,ToratEmet,3152
הערות על חברותא על ערכין.txt,אוצריא/תלמוד בבלי/ספרות עזר/הערות על ביאור חברותא/הערות על חברותא על ערכין.txt,ToratEmet,587
הערות על חברותא על גיטין.txt,אוצריא/תלמוד בבלי/ספרות עזר/הערות על ביאור חברותא/הערות על חברותא על גיטין.txt,ToratEmet,1996
הערות על חברותא על הוריות.txt,אוצריא/תלמוד בבלי/ספרות עזר/הערות על ביאור חברותא/הערות על חברותא על הוריות.txt,ToratEmet,420
הערות על חברותא על תמיד.txt,אוצריא/תלמוד בבלי/ספרות עזר/הערות על ביאור חברותא/הערות על חברותא על תמיד.txt,ToratEmet,172
הערות על חברותא על נזיר.txt,אוצריא/תלמוד בבלי/ספרות עזר/הערות על ביאור חברותא/הערות על חברותא על נזיר.txt,ToratEmet,1696
הערות על חברותא על פסחים.txt,אוצריא/תלמוד בבלי/ספרות עזר/הערות על ביאור חברותא/הערות על חברותא על פסחים.txt,ToratEmet,1940
הערות על חברותא על יומא.txt,אוצריא/תלמוד בבלי/ספרות עזר/הערות על ביאור חברותא/הערות על חברותא על יומא.txt,ToratEmet,1304
הערות על חברותא על מנחות.txt,אוצריא/תלמוד בבלי/ספרות עזר/הערות על ביאור חברותא/הערות על חברותא על מנחות.txt,ToratEmet,2306
הערות על חברותא על מכות.txt,אוצריא/תלמוד בבלי/ספרות עזר/הערות על ביאור חברותא/הערות על חברותא על מכות.txt,ToratEmet,624
הערות על חברותא על סוכה.txt,אוצריא/תלמוד בבלי/ספרות עזר/הערות על ביאור חברותא/הערות על חברותא על סוכה.txt,ToratEmet,804
וביום השבת.txt,אוצריא/הלכה/מחברי זמננו/וביום השבת.txt,ToratEmet,3603
ובחרת בחיים.txt,אוצריא/תנך/אחרונים/ובחרת בחיים.txt,wikiSource,2233
פירוש הראש על מדות.txt,אוצריא/משנה/ראשונים/ראש/פירוש הראש על מדות.txt,wikiSource,80
מאירי על משנה חלה.txt,אוצריא/משנה/ראשונים/מאירי/מאירי על משנה חלה.txt,wikiSource,161
מאירי על משנה מידות.txt,אוצריא/משנה/ראשונים/מאירי/מאירי על משנה מידות.txt,wikiSource,85
זכרון לבני ישראל.txt,אוצריא/ספרי מוסר/אחרונים/זכרון לבני ישראל.txt,wikiSource,130
בית יד.txt,אוצריא/תלמוד בבלי/ראשונים/מאירי/סדר זרעים/בית יד.txt,wikiSource,34
צוואת רבי יהודה החסיד.txt,אוצריא/הלכה/ראשונים/צוואת רבי יהודה החסיד.txt,wikiSource,86
כף החיים.txt,אוצריא/הלכה/אחרונים/כף החיים.txt,wikiSource,1510
מועד לכל חי.txt,אוצריא/הלכה/אחרונים/מועד לכל חי.txt,wikiSource,1726
בינת מקרא.txt,אוצריא/ספרות עזר/דקדוק/בינת מקרא.txt,wikiSource,89
דקדוקי הטעמים.txt,אוצריא/ספרות עזר/דקדוק/דקדוקי הטעמים.txt,wikiSource,568
אלדד הדני.txt,אוצריא/ספרות עזר/תולדות עם ישראל/אלדד הדני.txt,wikiSource,62
צפנת פענח על האבן עזרא.txt,אוצריא/תנך/ראשונים/צפנת פענח על האבן עזרא.txt,Pninim,61
כלי יקר על נביאים.txt,אוצריא/תנך/אחרונים/כלי יקר/נביאים/כלי יקר על נביאים.txt,Pninim,3588
משיבת נפש חלק ב.txt,אוצריא/שות/אחרונים/משיבת נפש חלק ב.txt,Pninim,610
שות מוהרץ.txt,אוצריא/שות/אחרונים/שות מוהרץ.txt,Pninim,42
ארצות השלום.txt,אוצריא/מחשבת ישראל/אחרונים/ארצות השלום.txt,Pninim,138
מאמר תורה אור.txt,אוצריא/ספרי מוסר/אחרונים/מאמר תורה אור.txt,Pninim,49
הערות על מאמר תורה אור.txt,אוצריא/ספרי מוסר/אחרונים/הערות על מאמר תורה אור.txt,Pninim,16
פנים מאירות על זבחים.txt,אוצריא/תלמוד בבלי/אחרונים/פנים מאירות על זבחים.txt,Pninim,1199
זכר יהוסף.txt,אוצריא/תלמוד בבלי/אחרונים/זכר יהוסף.txt,Pninim,1569
ברכת הזבח על כריתות.txt,אוצריא/תלמוד בבלי/אחרונים/ברכת הזבח/ברכת הזבח על כריתות.txt,Pninim,996
ברכת הזבח על מעילה.txt,אוצריא/תלמוד בבלי/אחרונים/ברכת הזבח/ברכת הזבח על מעילה.txt,Pninim,829
ברכת הזבח על תמיד.txt,אוצריא/תלמוד בבלי/אחרונים/ברכת הזבח/ברכת הזבח על תמיד.txt,Pninim,225
ברכת הזבח על מנחות.txt,אוצריא/תלמוד בבלי/אחרונים/ברכת הזבח/ברכת הזבח על מנחות.txt,Pninim,4332
ברכת הזבח על ערכין.txt,אוצריא/תלמוד בבלי/אחרונים/ברכת הזבח/ברכת הזבח על ערכין.txt,Pninim,751
ברכת הזבח על תמורה.txt,אוצריא/תלמוד בבלי/אחרונים/ברכת הזבח/ברכת הזבח על תמורה.txt,Pninim,1105
ברכת הזבח על זבחים.txt,אוצריא/תלמוד בבלי/אחרונים/ברכת הזבח/ברכת הזבח על זבחים.txt,Pninim,4678
יד דוד על תענית.txt,אוצריא/תלמוד בבלי/אחרונים/יד דוד/יד דוד על תענית.txt,Pninim,322
יד דוד על מועד קטן.txt,אוצריא/תלמוד בבלי/אחרונים/יד דוד/יד דוד על מועד קטן.txt,Pninim,347
יד דוד על ראש השנה.txt,אוצריא/תלמוד בבלי/אחרונים/יד דוד/יד דוד על ראש השנה.txt,Pninim,489
יד דוד על ברכות.txt,אוצריא/תלמוד בבלי/אחרונים/יד דוד/יד דוד על ברכות.txt,Pninim,994
יד דוד על חגיגה.txt,אוצריא/תלמוד בבלי/אחרונים/יד דוד/יד דוד על חגיגה.txt,Pninim,377
יד דוד על יומא.txt,אוצריא/תלמוד בבלי/אחרונים/יד דוד/יד דוד על יומא.txt,Pninim,1040
יד דוד על ביצה.txt,אוצריא/תלמוד בבלי/אחרונים/יד דוד/יד דוד על ביצה.txt,Pninim,663
יד דוד על פסחים.txt,אוצריא/תלמוד בבלי/אחרונים/יד דוד/יד דוד על פסחים.txt,Pninim,1890
יד דוד על מגילה.txt,אוצריא/תלמוד בבלי/אחרונים/יד דוד/יד דוד על מגילה.txt,Pninim,437
יד דוד על סוכה.txt,אוצריא/תלמוד בבלי/אחרונים/יד דוד/יד דוד על סוכה.txt,Pninim,716
יד דוד על עירובין.txt,אוצריא/תלמוד בבלי/אחרונים/יד דוד/יד דוד על עירובין.txt,Pninim,1366
יד דוד על שבת.txt,אוצריא/תלמוד בבלי/אחרונים/יד דוד/יד דוד על שבת.txt,Pninim,2193
צאן קדשים על זבחים.txt,אוצריא/תלמוד בבלי/אחרונים/צאן קדשים/צאן קדשים על זבחים.txt,Pninim,4101
צאן קדשים על ערכין.txt,אוצריא/תלמוד בבלי/אחרונים/צאן קדשים/צאן קדשים על ערכין.txt,Pninim,787
צאן קדשים על בכורות.txt,אוצריא/תלמוד בבלי/אחרונים/צאן קדשים/צאן קדשים על בכורות.txt,Pninim,1579
צאן קדשים על מעילה.txt,אוצריא/תלמוד בבלי/אחרונים/צאן קדשים/צאן קדשים על מעילה.txt,Pninim,692
צאן קדשים על תמורה.txt,אוצריא/תלמוד בבלי/אחרונים/צאן קדשים/צאן קדשים על תמורה.txt,Pninim,939
צאן קדשים על מנחות.txt,אוצריא/תלמוד בבלי/אחרונים/צאן קדשים/צאן קדשים על מנחות.txt,Pninim,3691
חק נתן על מנחות.txt,אוצריא/תלמוד בבלי/אחרונים/חק נתן/חק נתן על מנחות.txt,Pninim,601
חק נתן על זבחים.txt,אוצריא/תלמוד בבלי/אחרונים/חק נתן/חק נתן על זבחים.txt,Pninim,1476
מים קדושים על כריתות.txt,אוצריא/תלמוד בבלי/אחרונים/מים קדושים/מים קדושים על כריתות.txt,Pninim,167
מים קדושים על בכורות.txt,אוצריא/תלמוד בבלי/אחרונים/מים קדושים/מים קדושים על בכורות.txt,Pninim,407
עטרת צבי.txt,אוצריא/הלכה/מערכות ועניינים/עטרת צבי.txt,Pninim,569
תורת נביאים.txt,אוצריא/הלכה/מערכות ועניינים/תורת נביאים.txt,Pninim,402
דרכי הוראה.txt,אוצריא/הלכה/מערכות ועניינים/דרכי הוראה.txt,Pninim,293
עלה לתרופה.txt,אוצריא/הלכה/משנה תורה/מפרשים/עלה לתרופה.txt,Pninim,70
מגילת ספר.txt,אוצריא/ספרות עזר/תולדות עם ישראל/מגילת ספר.txt,Pninim,1787
מנחת ברוך אורח חיים.txt,אוצריא/שות/אחרונים/מנחת ברוך אורח חיים.txt,yam-HaHachma,1428
קונטרס מחול הכרם על מסכת סוטה.txt,אוצריא/תלמוד בבלי/אחרונים/קונטרס מחול הכרם על מסכת סוטה.txt,yam-HaHachma,161
חידושי רבי אריה ליב מאלין.txt,אוצריא/תלמוד בבלי/אחרונים/חידושי רבי אריה ליב מאלין.txt,yam-HaHachma,2275
הליכות עולם - כללי הגמרא.txt,אוצריא/תלמוד בבלי/כללי הש״ס/הליכות עולם - כללי הגמרא.txt,yam-HaHachma,1939
קונטרס זכר למקדש.txt,אוצריא/הלכה/מערכות ועניינים/קונטרס זכר למקדש.txt,yam-HaHachma,203
"חזון איש, חושן משפט נזיקין.txt","אוצריא/הלכה/אחרונים/חזון איש/חזון איש, חושן משפט נזיקין.txt",yam-HaHachma,5321
שדי חמד כללים מערכת ס.txt,אוצריא/ספרות עזר/אנציקלופדיות/שדי חמד/שדי חמד כללים מערכת ס.txt,yam-HaHachma,356
שדי חמד כללים מערכת נ.txt,אוצריא/ספרות עזר/אנציקלופדיות/שדי חמד/שדי חמד כללים מערכת נ.txt,yam-HaHachma,288
